Files,Temp,Logg,Metal,Alpha
phoenixaces_t2300_g0.00_z-0.00_en0.00_NIRSPEC-O33-RAW.txt,2300,0.0,-0.0,0.0
phoenixaces_t2300_g0.50_z-0.00_en0.00_NIRSPEC-O33-RAW.txt,2300,0.5,-0.0,0.0
phoenixaces_t2300_g1.00_z-0.00_en0.00_NIRSPEC-O33-RAW.txt,2300,1.0,-0.0,0.0
phoenixaces_t2300_g1.50_z-0.00_en0.00_NIRSPEC-O33-RAW.txt,2300,1.5,-0.0,0.0
phoenixaces_t2300_g2.00_z-0.00_en0.00_NIRSPEC-O33-RAW.txt,2300,2.0,-0.0,0.0
phoenixaces_t2300_g2.50_z-0.00_en0.00_NIRSPEC-O33-RAW.txt,2300,2.5,-0.0,0.0
phoenixaces_t2300_g3.00_z-0.00_en0.00_NIRSPEC-O33-RAW.txt,2300,3.0,-0.0,0.0
phoenixaces_t2300_g3.50_z-0.00_en0.00_NIRSPEC-O33-RAW.txt,2300,3.5,-0.0,0.0
phoenixaces_t2300_g4.00_z-0.00_en0.00_NIRSPEC-O33-RAW.txt,2300,4.0,-0.0,0.0
phoenixaces_t2300_g4.50_z-0.00_en0.00_NIRSPEC-O33-RAW.txt,2300,4.5,-0.0,0.0
phoenixaces_t2300_g5.00_z-0.00_en0.00_NIRSPEC-O33-RAW.txt,2300,5.0,-0.0,0.0
phoenixaces_t2300_g5.50_z-0.00_en0.00_NIRSPEC-O33-RAW.txt,2300,5.5,-0.0,0.0
phoenixaces_t2300_g6.00_z-0.00_en0.00_NIRSPEC-O33-RAW.txt,2300,6.0,-0.0,0.0
phoenixaces_t2400_g0.00_z-0.00_en0.00_NIRSPEC-O33-RAW.txt,2400,0.0,-0.0,0.0
phoenixaces_t2400_g0.50_z-0.00_en0.00_NIRSPEC-O33-RAW.txt,2400,0.5,-0.0,0.0
phoenixaces_t2400_g1.00_z-0.00_en0.00_NIRSPEC-O33-RAW.txt,2400,1.0,-0.0,0.0
phoenixaces_t2400_g1.50_z-0.00_en0.00_NIRSPEC-O33-RAW.txt,2400,1.5,-0.0,0.0
phoenixaces_t2400_g2.00_z-0.00_en0.00_NIRSPEC-O33-RAW.txt,2400,2.0,-0.0,0.0
phoenixaces_t2400_g2.50_z-0.00_en0.00_NIRSPEC-O33-RAW.txt,2400,2.5,-0.0,0.0
phoenixaces_t2400_g3.00_z-0.00_en0.00_NIRSPEC-O33-RAW.txt,2400,3.0,-0.0,0.0
phoenixaces_t2400_g3.50_z-0.00_en0.00_NIRSPEC-O33-RAW.txt,2400,3.5,-0.0,0.0
phoenixaces_t2400_g4.00_z-0.00_en0.00_NIRSPEC-O33-RAW.txt,2400,4.0,-0.0,0.0
phoenixaces_t2400_g4.50_z-0.00_en0.00_NIRSPEC-O33-RAW.txt,2400,4.5,-0.0,0.0
phoenixaces_t2400_g5.00_z-0.00_en0.00_NIRSPEC-O33-RAW.txt,2400,5.0,-0.0,0.0
phoenixaces_t2400_g5.50_z-0.00_en0.00_NIRSPEC-O33-RAW.txt,2400,5.5,-0.0,0.0
phoenixaces_t2400_g6.00_z-0.00_en0.00_NIRSPEC-O33-RAW.txt,2400,6.0,-0.0,0.0
phoenixaces_t2500_g0.00_z-0.00_en0.00_NIRSPEC-O33-RAW.txt,2500,0.0,-0.0,0.0
phoenixaces_t2500_g0.50_z-0.00_en0.00_NIRSPEC-O33-RAW.txt,2500,0.5,-0.0,0.0
phoenixaces_t2500_g1.00_z-0.00_en0.00_NIRSPEC-O33-RAW.txt,2500,1.0,-0.0,0.0
phoenixaces_t2500_g1.50_z-0.00_en0.00_NIRSPEC-O33-RAW.txt,2500,1.5,-0.0,0.0
phoenixaces_t2500_g2.00_z-0.00_en0.00_NIRSPEC-O33-RAW.txt,2500,2.0,-0.0,0.0
phoenixaces_t2500_g2.50_z-0.00_en0.00_NIRSPEC-O33-RAW.txt,2500,2.5,-0.0,0.0
phoenixaces_t2500_g3.00_z-0.00_en0.00_NIRSPEC-O33-RAW.txt,2500,3.0,-0.0,0.0
phoenixaces_t2500_g3.50_z-0.00_en0.00_NIRSPEC-O33-RAW.txt,2500,3.5,-0.0,0.0
phoenixaces_t2500_g4.00_z-0.00_en0.00_NIRSPEC-O33-RAW.txt,2500,4.0,-0.0,0.0
phoenixaces_t2500_g4.50_z-0.00_en0.00_NIRSPEC-O33-RAW.txt,2500,4.5,-0.0,0.0
phoenixaces_t2500_g5.00_z-0.00_en0.00_NIRSPEC-O33-RAW.txt,2500,5.0,-0.0,0.0
phoenixaces_t2500_g5.50_z-0.00_en0.00_NIRSPEC-O33-RAW.txt,2500,5.5,-0.0,0.0
phoenixaces_t2500_g6.00_z-0.00_en0.00_NIRSPEC-O33-RAW.txt,2500,6.0,-0.0,0.0
phoenixaces_t2600_g0.00_z-0.00_en0.00_NIRSPEC-O33-RAW.txt,2600,0.0,-0.0,0.0
phoenixaces_t2600_g0.50_z-0.00_en0.00_NIRSPEC-O33-RAW.txt,2600,0.5,-0.0,0.0
phoenixaces_t2600_g1.00_z-0.00_en0.00_NIRSPEC-O33-RAW.txt,2600,1.0,-0.0,0.0
phoenixaces_t2600_g1.50_z-0.00_en0.00_NIRSPEC-O33-RAW.txt,2600,1.5,-0.0,0.0
phoenixaces_t2600_g2.00_z-0.00_en0.00_NIRSPEC-O33-RAW.txt,2600,2.0,-0.0,0.0
phoenixaces_t2600_g2.50_z-0.00_en0.00_NIRSPEC-O33-RAW.txt,2600,2.5,-0.0,0.0
phoenixaces_t2600_g3.00_z-0.00_en0.00_NIRSPEC-O33-RAW.txt,2600,3.0,-0.0,0.0
phoenixaces_t2600_g3.50_z-0.00_en0.00_NIRSPEC-O33-RAW.txt,2600,3.5,-0.0,0.0
phoenixaces_t2600_g4.00_z-0.00_en0.00_NIRSPEC-O33-RAW.txt,2600,4.0,-0.0,0.0
phoenixaces_t2600_g4.50_z-0.00_en0.00_NIRSPEC-O33-RAW.txt,2600,4.5,-0.0,0.0
phoenixaces_t2600_g5.00_z-0.00_en0.00_NIRSPEC-O33-RAW.txt,2600,5.0,-0.0,0.0
phoenixaces_t2600_g5.50_z-0.00_en0.00_NIRSPEC-O33-RAW.txt,2600,5.5,-0.0,0.0
phoenixaces_t2600_g6.00_z-0.00_en0.00_NIRSPEC-O33-RAW.txt,2600,6.0,-0.0,0.0
phoenixaces_t2700_g0.00_z-0.00_en0.00_NIRSPEC-O33-RAW.txt,2700,0.0,-0.0,0.0
phoenixaces_t2700_g0.50_z-0.00_en0.00_NIRSPEC-O33-RAW.txt,2700,0.5,-0.0,0.0
phoenixaces_t2700_g1.00_z-0.00_en0.00_NIRSPEC-O33-RAW.txt,2700,1.0,-0.0,0.0
phoenixaces_t2700_g1.50_z-0.00_en0.00_NIRSPEC-O33-RAW.txt,2700,1.5,-0.0,0.0
phoenixaces_t2700_g2.00_z-0.00_en0.00_NIRSPEC-O33-RAW.txt,2700,2.0,-0.0,0.0
phoenixaces_t2700_g2.50_z-0.00_en0.00_NIRSPEC-O33-RAW.txt,2700,2.5,-0.0,0.0
phoenixaces_t2700_g3.00_z-0.00_en0.00_NIRSPEC-O33-RAW.txt,2700,3.0,-0.0,0.0
phoenixaces_t2700_g3.50_z-0.00_en0.00_NIRSPEC-O33-RAW.txt,2700,3.5,-0.0,0.0
phoenixaces_t2700_g4.00_z-0.00_en0.00_NIRSPEC-O33-RAW.txt,2700,4.0,-0.0,0.0
phoenixaces_t2700_g4.50_z-0.00_en0.00_NIRSPEC-O33-RAW.txt,2700,4.5,-0.0,0.0
phoenixaces_t2700_g5.00_z-0.00_en0.00_NIRSPEC-O33-RAW.txt,2700,5.0,-0.0,0.0
phoenixaces_t2700_g5.50_z-0.00_en0.00_NIRSPEC-O33-RAW.txt,2700,5.5,-0.0,0.0
phoenixaces_t2700_g6.00_z-0.00_en0.00_NIRSPEC-O33-RAW.txt,2700,6.0,-0.0,0.0
phoenixaces_t2800_g0.00_z-0.00_en0.00_NIRSPEC-O33-RAW.txt,2800,0.0,-0.0,0.0
phoenixaces_t2800_g0.50_z-0.00_en0.00_NIRSPEC-O33-RAW.txt,2800,0.5,-0.0,0.0
phoenixaces_t2800_g1.00_z-0.00_en0.00_NIRSPEC-O33-RAW.txt,2800,1.0,-0.0,0.0
phoenixaces_t2800_g1.50_z-0.00_en0.00_NIRSPEC-O33-RAW.txt,2800,1.5,-0.0,0.0
phoenixaces_t2800_g2.00_z-0.00_en0.00_NIRSPEC-O33-RAW.txt,2800,2.0,-0.0,0.0
phoenixaces_t2800_g2.50_z-0.00_en0.00_NIRSPEC-O33-RAW.txt,2800,2.5,-0.0,0.0
phoenixaces_t2800_g3.00_z-0.00_en0.00_NIRSPEC-O33-RAW.txt,2800,3.0,-0.0,0.0
phoenixaces_t2800_g3.50_z-0.00_en0.00_NIRSPEC-O33-RAW.txt,2800,3.5,-0.0,0.0
phoenixaces_t2800_g4.00_z-0.00_en0.00_NIRSPEC-O33-RAW.txt,2800,4.0,-0.0,0.0
phoenixaces_t2800_g4.50_z-0.00_en0.00_NIRSPEC-O33-RAW.txt,2800,4.5,-0.0,0.0
phoenixaces_t2800_g5.00_z-0.00_en0.00_NIRSPEC-O33-RAW.txt,2800,5.0,-0.0,0.0
phoenixaces_t2800_g5.50_z-0.00_en0.00_NIRSPEC-O33-RAW.txt,2800,5.5,-0.0,0.0
phoenixaces_t2800_g6.00_z-0.00_en0.00_NIRSPEC-O33-RAW.txt,2800,6.0,-0.0,0.0
phoenixaces_t2900_g0.00_z-0.00_en0.00_NIRSPEC-O33-RAW.txt,2900,0.0,-0.0,0.0
phoenixaces_t2900_g0.50_z-0.00_en0.00_NIRSPEC-O33-RAW.txt,2900,0.5,-0.0,0.0
phoenixaces_t2900_g1.00_z-0.00_en0.00_NIRSPEC-O33-RAW.txt,2900,1.0,-0.0,0.0
phoenixaces_t2900_g1.50_z-0.00_en0.00_NIRSPEC-O33-RAW.txt,2900,1.5,-0.0,0.0
phoenixaces_t2900_g2.00_z-0.00_en0.00_NIRSPEC-O33-RAW.txt,2900,2.0,-0.0,0.0
phoenixaces_t2900_g2.50_z-0.00_en0.00_NIRSPEC-O33-RAW.txt,2900,2.5,-0.0,0.0
phoenixaces_t2900_g3.00_z-0.00_en0.00_NIRSPEC-O33-RAW.txt,2900,3.0,-0.0,0.0
phoenixaces_t2900_g3.50_z-0.00_en0.00_NIRSPEC-O33-RAW.txt,2900,3.5,-0.0,0.0
phoenixaces_t2900_g4.00_z-0.00_en0.00_NIRSPEC-O33-RAW.txt,2900,4.0,-0.0,0.0
phoenixaces_t2900_g4.50_z-0.00_en0.00_NIRSPEC-O33-RAW.txt,2900,4.5,-0.0,0.0
phoenixaces_t2900_g5.00_z-0.00_en0.00_NIRSPEC-O33-RAW.txt,2900,5.0,-0.0,0.0
phoenixaces_t2900_g5.50_z-0.00_en0.00_NIRSPEC-O33-RAW.txt,2900,5.5,-0.0,0.0
phoenixaces_t2900_g6.00_z-0.00_en0.00_NIRSPEC-O33-RAW.txt,2900,6.0,-0.0,0.0
phoenixaces_t3000_g0.00_z-0.00_en0.00_NIRSPEC-O33-RAW.txt,3000,0.0,-0.0,0.0
phoenixaces_t3000_g0.50_z-0.00_en0.00_NIRSPEC-O33-RAW.txt,3000,0.5,-0.0,0.0
phoenixaces_t3000_g1.00_z-0.00_en0.00_NIRSPEC-O33-RAW.txt,3000,1.0,-0.0,0.0
phoenixaces_t3000_g1.50_z-0.00_en0.00_NIRSPEC-O33-RAW.txt,3000,1.5,-0.0,0.0
phoenixaces_t3000_g2.00_z-0.00_en0.00_NIRSPEC-O33-RAW.txt,3000,2.0,-0.0,0.0
phoenixaces_t3000_g2.50_z-0.00_en0.00_NIRSPEC-O33-RAW.txt,3000,2.5,-0.0,0.0
phoenixaces_t3000_g3.00_z-0.00_en0.00_NIRSPEC-O33-RAW.txt,3000,3.0,-0.0,0.0
phoenixaces_t3000_g3.50_z-0.00_en0.00_NIRSPEC-O33-RAW.txt,3000,3.5,-0.0,0.0
phoenixaces_t3000_g4.00_z-0.00_en0.00_NIRSPEC-O33-RAW.txt,3000,4.0,-0.0,0.0
phoenixaces_t3000_g4.50_z-0.00_en0.00_NIRSPEC-O33-RAW.txt,3000,4.5,-0.0,0.0
phoenixaces_t3000_g5.00_z-0.00_en0.00_NIRSPEC-O33-RAW.txt,3000,5.0,-0.0,0.0
phoenixaces_t3000_g5.50_z-0.00_en0.00_NIRSPEC-O33-RAW.txt,3000,5.5,-0.0,0.0
phoenixaces_t3000_g6.00_z-0.00_en0.00_NIRSPEC-O33-RAW.txt,3000,6.0,-0.0,0.0
phoenixaces_t3100_g0.00_z-0.00_en0.00_NIRSPEC-O33-RAW.txt,3100,0.0,-0.0,0.0
phoenixaces_t3100_g0.50_z-0.00_en0.00_NIRSPEC-O33-RAW.txt,3100,0.5,-0.0,0.0
phoenixaces_t3100_g1.00_z-0.00_en0.00_NIRSPEC-O33-RAW.txt,3100,1.0,-0.0,0.0
phoenixaces_t3100_g1.50_z-0.00_en0.00_NIRSPEC-O33-RAW.txt,3100,1.5,-0.0,0.0
phoenixaces_t3100_g2.00_z-0.00_en0.00_NIRSPEC-O33-RAW.txt,3100,2.0,-0.0,0.0
phoenixaces_t3100_g2.50_z-0.00_en0.00_NIRSPEC-O33-RAW.txt,3100,2.5,-0.0,0.0
phoenixaces_t3100_g3.00_z-0.00_en0.00_NIRSPEC-O33-RAW.txt,3100,3.0,-0.0,0.0
phoenixaces_t3100_g3.50_z-0.00_en0.00_NIRSPEC-O33-RAW.txt,3100,3.5,-0.0,0.0
phoenixaces_t3100_g4.00_z-0.00_en0.00_NIRSPEC-O33-RAW.txt,3100,4.0,-0.0,0.0
phoenixaces_t3100_g4.50_z-0.00_en0.00_NIRSPEC-O33-RAW.txt,3100,4.5,-0.0,0.0
phoenixaces_t3100_g5.00_z-0.00_en0.00_NIRSPEC-O33-RAW.txt,3100,5.0,-0.0,0.0
phoenixaces_t3100_g5.50_z-0.00_en0.00_NIRSPEC-O33-RAW.txt,3100,5.5,-0.0,0.0
phoenixaces_t3100_g6.00_z-0.00_en0.00_NIRSPEC-O33-RAW.txt,3100,6.0,-0.0,0.0
phoenixaces_t3200_g0.00_z-0.00_en0.00_NIRSPEC-O33-RAW.txt,3200,0.0,-0.0,0.0
phoenixaces_t3200_g0.50_z-0.00_en0.00_NIRSPEC-O33-RAW.txt,3200,0.5,-0.0,0.0
phoenixaces_t3200_g1.00_z-0.00_en0.00_NIRSPEC-O33-RAW.txt,3200,1.0,-0.0,0.0
phoenixaces_t3200_g1.50_z-0.00_en0.00_NIRSPEC-O33-RAW.txt,3200,1.5,-0.0,0.0
phoenixaces_t3200_g2.00_z-0.00_en0.00_NIRSPEC-O33-RAW.txt,3200,2.0,-0.0,0.0
phoenixaces_t3200_g2.50_z-0.00_en0.00_NIRSPEC-O33-RAW.txt,3200,2.5,-0.0,0.0
phoenixaces_t3200_g3.00_z-0.00_en0.00_NIRSPEC-O33-RAW.txt,3200,3.0,-0.0,0.0
phoenixaces_t3200_g3.50_z-0.00_en0.00_NIRSPEC-O33-RAW.txt,3200,3.5,-0.0,0.0
phoenixaces_t3200_g4.00_z-0.00_en0.00_NIRSPEC-O33-RAW.txt,3200,4.0,-0.0,0.0
phoenixaces_t3200_g4.50_z-0.00_en0.00_NIRSPEC-O33-RAW.txt,3200,4.5,-0.0,0.0
phoenixaces_t3200_g5.00_z-0.00_en0.00_NIRSPEC-O33-RAW.txt,3200,5.0,-0.0,0.0
phoenixaces_t3200_g5.50_z-0.00_en0.00_NIRSPEC-O33-RAW.txt,3200,5.5,-0.0,0.0
phoenixaces_t3200_g6.00_z-0.00_en0.00_NIRSPEC-O33-RAW.txt,3200,6.0,-0.0,0.0
phoenixaces_t3300_g0.00_z-0.00_en0.00_NIRSPEC-O33-RAW.txt,3300,0.0,-0.0,0.0
phoenixaces_t3300_g0.50_z-0.00_en0.00_NIRSPEC-O33-RAW.txt,3300,0.5,-0.0,0.0
phoenixaces_t3300_g1.00_z-0.00_en0.00_NIRSPEC-O33-RAW.txt,3300,1.0,-0.0,0.0
phoenixaces_t3300_g1.50_z-0.00_en0.00_NIRSPEC-O33-RAW.txt,3300,1.5,-0.0,0.0
phoenixaces_t3300_g2.00_z-0.00_en0.00_NIRSPEC-O33-RAW.txt,3300,2.0,-0.0,0.0
phoenixaces_t3300_g2.50_z-0.00_en0.00_NIRSPEC-O33-RAW.txt,3300,2.5,-0.0,0.0
phoenixaces_t3300_g3.00_z-0.00_en0.00_NIRSPEC-O33-RAW.txt,3300,3.0,-0.0,0.0
phoenixaces_t3300_g3.50_z-0.00_en0.00_NIRSPEC-O33-RAW.txt,3300,3.5,-0.0,0.0
phoenixaces_t3300_g4.00_z-0.00_en0.00_NIRSPEC-O33-RAW.txt,3300,4.0,-0.0,0.0
phoenixaces_t3300_g4.50_z-0.00_en0.00_NIRSPEC-O33-RAW.txt,3300,4.5,-0.0,0.0
phoenixaces_t3300_g5.00_z-0.00_en0.00_NIRSPEC-O33-RAW.txt,3300,5.0,-0.0,0.0
phoenixaces_t3300_g5.50_z-0.00_en0.00_NIRSPEC-O33-RAW.txt,3300,5.5,-0.0,0.0
phoenixaces_t3300_g6.00_z-0.00_en0.00_NIRSPEC-O33-RAW.txt,3300,6.0,-0.0,0.0
phoenixaces_t3400_g0.00_z-0.00_en0.00_NIRSPEC-O33-RAW.txt,3400,0.0,-0.0,0.0
phoenixaces_t3400_g0.50_z-0.00_en0.00_NIRSPEC-O33-RAW.txt,3400,0.5,-0.0,0.0
phoenixaces_t3400_g1.00_z-0.00_en0.00_NIRSPEC-O33-RAW.txt,3400,1.0,-0.0,0.0
phoenixaces_t3400_g1.50_z-0.00_en0.00_NIRSPEC-O33-RAW.txt,3400,1.5,-0.0,0.0
phoenixaces_t3400_g2.00_z-0.00_en0.00_NIRSPEC-O33-RAW.txt,3400,2.0,-0.0,0.0
phoenixaces_t3400_g2.50_z-0.00_en0.00_NIRSPEC-O33-RAW.txt,3400,2.5,-0.0,0.0
phoenixaces_t3400_g3.00_z-0.00_en0.00_NIRSPEC-O33-RAW.txt,3400,3.0,-0.0,0.0
phoenixaces_t3400_g3.50_z-0.00_en0.00_NIRSPEC-O33-RAW.txt,3400,3.5,-0.0,0.0
phoenixaces_t3400_g4.00_z-0.00_en0.00_NIRSPEC-O33-RAW.txt,3400,4.0,-0.0,0.0
phoenixaces_t3400_g4.50_z-0.00_en0.00_NIRSPEC-O33-RAW.txt,3400,4.5,-0.0,0.0
phoenixaces_t3400_g5.00_z-0.00_en0.00_NIRSPEC-O33-RAW.txt,3400,5.0,-0.0,0.0
phoenixaces_t3400_g5.50_z-0.00_en0.00_NIRSPEC-O33-RAW.txt,3400,5.5,-0.0,0.0
phoenixaces_t3400_g6.00_z-0.00_en0.00_NIRSPEC-O33-RAW.txt,3400,6.0,-0.0,0.0
phoenixaces_t3500_g0.00_z-0.00_en0.00_NIRSPEC-O33-RAW.txt,3500,0.0,-0.0,0.0
phoenixaces_t3500_g0.50_z-0.00_en0.00_NIRSPEC-O33-RAW.txt,3500,0.5,-0.0,0.0
phoenixaces_t3500_g1.00_z-0.00_en0.00_NIRSPEC-O33-RAW.txt,3500,1.0,-0.0,0.0
phoenixaces_t3500_g1.50_z-0.00_en0.00_NIRSPEC-O33-RAW.txt,3500,1.5,-0.0,0.0
phoenixaces_t3500_g2.00_z-0.00_en0.00_NIRSPEC-O33-RAW.txt,3500,2.0,-0.0,0.0
phoenixaces_t3500_g2.50_z-0.00_en0.00_NIRSPEC-O33-RAW.txt,3500,2.5,-0.0,0.0
phoenixaces_t3500_g3.00_z-0.00_en0.00_NIRSPEC-O33-RAW.txt,3500,3.0,-0.0,0.0
phoenixaces_t3500_g3.50_z-0.00_en0.00_NIRSPEC-O33-RAW.txt,3500,3.5,-0.0,0.0
phoenixaces_t3500_g4.00_z-0.00_en0.00_NIRSPEC-O33-RAW.txt,3500,4.0,-0.0,0.0
phoenixaces_t3500_g4.50_z-0.00_en0.00_NIRSPEC-O33-RAW.txt,3500,4.5,-0.0,0.0
phoenixaces_t3500_g5.00_z-0.00_en0.00_NIRSPEC-O33-RAW.txt,3500,5.0,-0.0,0.0
phoenixaces_t3500_g5.50_z-0.00_en0.00_NIRSPEC-O33-RAW.txt,3500,5.5,-0.0,0.0
phoenixaces_t3500_g6.00_z-0.00_en0.00_NIRSPEC-O33-RAW.txt,3500,6.0,-0.0,0.0
phoenixaces_t3600_g0.00_z-0.00_en0.00_NIRSPEC-O33-RAW.txt,3600,0.0,-0.0,0.0
phoenixaces_t3600_g0.50_z-0.00_en0.00_NIRSPEC-O33-RAW.txt,3600,0.5,-0.0,0.0
phoenixaces_t3600_g1.00_z-0.00_en0.00_NIRSPEC-O33-RAW.txt,3600,1.0,-0.0,0.0
phoenixaces_t3600_g1.50_z-0.00_en0.00_NIRSPEC-O33-RAW.txt,3600,1.5,-0.0,0.0
phoenixaces_t3600_g2.00_z-0.00_en0.00_NIRSPEC-O33-RAW.txt,3600,2.0,-0.0,0.0
phoenixaces_t3600_g2.50_z-0.00_en0.00_NIRSPEC-O33-RAW.txt,3600,2.5,-0.0,0.0
phoenixaces_t3600_g3.00_z-0.00_en0.00_NIRSPEC-O33-RAW.txt,3600,3.0,-0.0,0.0
phoenixaces_t3600_g3.50_z-0.00_en0.00_NIRSPEC-O33-RAW.txt,3600,3.5,-0.0,0.0
phoenixaces_t3600_g4.00_z-0.00_en0.00_NIRSPEC-O33-RAW.txt,3600,4.0,-0.0,0.0
phoenixaces_t3600_g4.50_z-0.00_en0.00_NIRSPEC-O33-RAW.txt,3600,4.5,-0.0,0.0
phoenixaces_t3600_g5.00_z-0.00_en0.00_NIRSPEC-O33-RAW.txt,3600,5.0,-0.0,0.0
phoenixaces_t3600_g5.50_z-0.00_en0.00_NIRSPEC-O33-RAW.txt,3600,5.5,-0.0,0.0
phoenixaces_t3600_g6.00_z-0.00_en0.00_NIRSPEC-O33-RAW.txt,3600,6.0,-0.0,0.0
phoenixaces_t3700_g0.00_z-0.00_en0.00_NIRSPEC-O33-RAW.txt,3700,0.0,-0.0,0.0
phoenixaces_t3700_g0.50_z-0.00_en0.00_NIRSPEC-O33-RAW.txt,3700,0.5,-0.0,0.0
phoenixaces_t3700_g1.00_z-0.00_en0.00_NIRSPEC-O33-RAW.txt,3700,1.0,-0.0,0.0
phoenixaces_t3700_g1.50_z-0.00_en0.00_NIRSPEC-O33-RAW.txt,3700,1.5,-0.0,0.0
phoenixaces_t3700_g2.00_z-0.00_en0.00_NIRSPEC-O33-RAW.txt,3700,2.0,-0.0,0.0
phoenixaces_t3700_g2.50_z-0.00_en0.00_NIRSPEC-O33-RAW.txt,3700,2.5,-0.0,0.0
phoenixaces_t3700_g3.00_z-0.00_en0.00_NIRSPEC-O33-RAW.txt,3700,3.0,-0.0,0.0
phoenixaces_t3700_g3.50_z-0.00_en0.00_NIRSPEC-O33-RAW.txt,3700,3.5,-0.0,0.0
phoenixaces_t3700_g4.00_z-0.00_en0.00_NIRSPEC-O33-RAW.txt,3700,4.0,-0.0,0.0
phoenixaces_t3700_g4.50_z-0.00_en0.00_NIRSPEC-O33-RAW.txt,3700,4.5,-0.0,0.0
phoenixaces_t3700_g5.00_z-0.00_en0.00_NIRSPEC-O33-RAW.txt,3700,5.0,-0.0,0.0
phoenixaces_t3700_g5.50_z-0.00_en0.00_NIRSPEC-O33-RAW.txt,3700,5.5,-0.0,0.0
phoenixaces_t3700_g6.00_z-0.00_en0.00_NIRSPEC-O33-RAW.txt,3700,6.0,-0.0,0.0
phoenixaces_t3800_g0.00_z-0.00_en0.00_NIRSPEC-O33-RAW.txt,3800,0.0,-0.0,0.0
phoenixaces_t3800_g0.50_z-0.00_en0.00_NIRSPEC-O33-RAW.txt,3800,0.5,-0.0,0.0
phoenixaces_t3800_g1.00_z-0.00_en0.00_NIRSPEC-O33-RAW.txt,3800,1.0,-0.0,0.0
phoenixaces_t3800_g1.50_z-0.00_en0.00_NIRSPEC-O33-RAW.txt,3800,1.5,-0.0,0.0
phoenixaces_t3800_g2.00_z-0.00_en0.00_NIRSPEC-O33-RAW.txt,3800,2.0,-0.0,0.0
phoenixaces_t3800_g2.50_z-0.00_en0.00_NIRSPEC-O33-RAW.txt,3800,2.5,-0.0,0.0
phoenixaces_t3800_g3.00_z-0.00_en0.00_NIRSPEC-O33-RAW.txt,3800,3.0,-0.0,0.0
phoenixaces_t3800_g3.50_z-0.00_en0.00_NIRSPEC-O33-RAW.txt,3800,3.5,-0.0,0.0
phoenixaces_t3800_g4.00_z-0.00_en0.00_NIRSPEC-O33-RAW.txt,3800,4.0,-0.0,0.0
phoenixaces_t3800_g4.50_z-0.00_en0.00_NIRSPEC-O33-RAW.txt,3800,4.5,-0.0,0.0
phoenixaces_t3800_g5.00_z-0.00_en0.00_NIRSPEC-O33-RAW.txt,3800,5.0,-0.0,0.0
phoenixaces_t3800_g5.50_z-0.00_en0.00_NIRSPEC-O33-RAW.txt,3800,5.5,-0.0,0.0
phoenixaces_t3800_g6.00_z-0.00_en0.00_NIRSPEC-O33-RAW.txt,3800,6.0,-0.0,0.0
phoenixaces_t3900_g0.00_z-0.00_en0.00_NIRSPEC-O33-RAW.txt,3900,0.0,-0.0,0.0
phoenixaces_t3900_g0.50_z-0.00_en0.00_NIRSPEC-O33-RAW.txt,3900,0.5,-0.0,0.0
phoenixaces_t3900_g1.00_z-0.00_en0.00_NIRSPEC-O33-RAW.txt,3900,1.0,-0.0,0.0
phoenixaces_t3900_g1.50_z-0.00_en0.00_NIRSPEC-O33-RAW.txt,3900,1.5,-0.0,0.0
phoenixaces_t3900_g2.00_z-0.00_en0.00_NIRSPEC-O33-RAW.txt,3900,2.0,-0.0,0.0
phoenixaces_t3900_g2.50_z-0.00_en0.00_NIRSPEC-O33-RAW.txt,3900,2.5,-0.0,0.0
phoenixaces_t3900_g3.00_z-0.00_en0.00_NIRSPEC-O33-RAW.txt,3900,3.0,-0.0,0.0
phoenixaces_t3900_g3.50_z-0.00_en0.00_NIRSPEC-O33-RAW.txt,3900,3.5,-0.0,0.0
phoenixaces_t3900_g4.00_z-0.00_en0.00_NIRSPEC-O33-RAW.txt,3900,4.0,-0.0,0.0
phoenixaces_t3900_g4.50_z-0.00_en0.00_NIRSPEC-O33-RAW.txt,3900,4.5,-0.0,0.0
phoenixaces_t3900_g5.00_z-0.00_en0.00_NIRSPEC-O33-RAW.txt,3900,5.0,-0.0,0.0
phoenixaces_t3900_g5.50_z-0.00_en0.00_NIRSPEC-O33-RAW.txt,3900,5.5,-0.0,0.0
phoenixaces_t3900_g6.00_z-0.00_en0.00_NIRSPEC-O33-RAW.txt,3900,6.0,-0.0,0.0
phoenixaces_t4000_g0.00_z-0.00_en0.00_NIRSPEC-O33-RAW.txt,4000,0.0,-0.0,0.0
phoenixaces_t4000_g0.50_z-0.00_en0.00_NIRSPEC-O33-RAW.txt,4000,0.5,-0.0,0.0
phoenixaces_t4000_g1.00_z-0.00_en0.00_NIRSPEC-O33-RAW.txt,4000,1.0,-0.0,0.0
phoenixaces_t4000_g1.50_z-0.00_en0.00_NIRSPEC-O33-RAW.txt,4000,1.5,-0.0,0.0
phoenixaces_t4000_g2.00_z-0.00_en0.00_NIRSPEC-O33-RAW.txt,4000,2.0,-0.0,0.0
phoenixaces_t4000_g2.50_z-0.00_en0.00_NIRSPEC-O33-RAW.txt,4000,2.5,-0.0,0.0
phoenixaces_t4000_g3.00_z-0.00_en0.00_NIRSPEC-O33-RAW.txt,4000,3.0,-0.0,0.0
phoenixaces_t4000_g3.50_z-0.00_en0.00_NIRSPEC-O33-RAW.txt,4000,3.5,-0.0,0.0
phoenixaces_t4000_g4.00_z-0.00_en0.00_NIRSPEC-O33-RAW.txt,4000,4.0,-0.0,0.0
phoenixaces_t4000_g4.50_z-0.00_en0.00_NIRSPEC-O33-RAW.txt,4000,4.5,-0.0,0.0
phoenixaces_t4000_g5.00_z-0.00_en0.00_NIRSPEC-O33-RAW.txt,4000,5.0,-0.0,0.0
phoenixaces_t4000_g5.50_z-0.00_en0.00_NIRSPEC-O33-RAW.txt,4000,5.5,-0.0,0.0
phoenixaces_t4000_g6.00_z-0.00_en0.00_NIRSPEC-O33-RAW.txt,4000,6.0,-0.0,0.0
phoenixaces_t4100_g0.00_z-0.00_en0.00_NIRSPEC-O33-RAW.txt,4100,0.0,-0.0,0.0
phoenixaces_t4100_g0.50_z-0.00_en0.00_NIRSPEC-O33-RAW.txt,4100,0.5,-0.0,0.0
phoenixaces_t4100_g1.00_z-0.00_en0.00_NIRSPEC-O33-RAW.txt,4100,1.0,-0.0,0.0
phoenixaces_t4100_g1.50_z-0.00_en0.00_NIRSPEC-O33-RAW.txt,4100,1.5,-0.0,0.0
phoenixaces_t4100_g2.00_z-0.00_en0.00_NIRSPEC-O33-RAW.txt,4100,2.0,-0.0,0.0
phoenixaces_t4100_g2.50_z-0.00_en0.00_NIRSPEC-O33-RAW.txt,4100,2.5,-0.0,0.0
phoenixaces_t4100_g3.00_z-0.00_en0.00_NIRSPEC-O33-RAW.txt,4100,3.0,-0.0,0.0
phoenixaces_t4100_g3.50_z-0.00_en0.00_NIRSPEC-O33-RAW.txt,4100,3.5,-0.0,0.0
phoenixaces_t4100_g4.00_z-0.00_en0.00_NIRSPEC-O33-RAW.txt,4100,4.0,-0.0,0.0
phoenixaces_t4100_g4.50_z-0.00_en0.00_NIRSPEC-O33-RAW.txt,4100,4.5,-0.0,0.0
phoenixaces_t4100_g5.00_z-0.00_en0.00_NIRSPEC-O33-RAW.txt,4100,5.0,-0.0,0.0
phoenixaces_t4100_g5.50_z-0.00_en0.00_NIRSPEC-O33-RAW.txt,4100,5.5,-0.0,0.0
phoenixaces_t4100_g6.00_z-0.00_en0.00_NIRSPEC-O33-RAW.txt,4100,6.0,-0.0,0.0
phoenixaces_t4200_g0.00_z-0.00_en0.00_NIRSPEC-O33-RAW.txt,4200,0.0,-0.0,0.0
phoenixaces_t4200_g0.50_z-0.00_en0.00_NIRSPEC-O33-RAW.txt,4200,0.5,-0.0,0.0
phoenixaces_t4200_g1.00_z-0.00_en0.00_NIRSPEC-O33-RAW.txt,4200,1.0,-0.0,0.0
phoenixaces_t4200_g1.50_z-0.00_en0.00_NIRSPEC-O33-RAW.txt,4200,1.5,-0.0,0.0
phoenixaces_t4200_g2.00_z-0.00_en0.00_NIRSPEC-O33-RAW.txt,4200,2.0,-0.0,0.0
phoenixaces_t4200_g2.50_z-0.00_en0.00_NIRSPEC-O33-RAW.txt,4200,2.5,-0.0,0.0
phoenixaces_t4200_g3.00_z-0.00_en0.00_NIRSPEC-O33-RAW.txt,4200,3.0,-0.0,0.0
phoenixaces_t4200_g3.50_z-0.00_en0.00_NIRSPEC-O33-RAW.txt,4200,3.5,-0.0,0.0
phoenixaces_t4200_g4.00_z-0.00_en0.00_NIRSPEC-O33-RAW.txt,4200,4.0,-0.0,0.0
phoenixaces_t4200_g4.50_z-0.00_en0.00_NIRSPEC-O33-RAW.txt,4200,4.5,-0.0,0.0
phoenixaces_t4200_g5.00_z-0.00_en0.00_NIRSPEC-O33-RAW.txt,4200,5.0,-0.0,0.0
phoenixaces_t4200_g5.50_z-0.00_en0.00_NIRSPEC-O33-RAW.txt,4200,5.5,-0.0,0.0
phoenixaces_t4200_g6.00_z-0.00_en0.00_NIRSPEC-O33-RAW.txt,4200,6.0,-0.0,0.0
phoenixaces_t4300_g0.00_z-0.00_en0.00_NIRSPEC-O33-RAW.txt,4300,0.0,-0.0,0.0
phoenixaces_t4300_g0.50_z-0.00_en0.00_NIRSPEC-O33-RAW.txt,4300,0.5,-0.0,0.0
phoenixaces_t4300_g1.00_z-0.00_en0.00_NIRSPEC-O33-RAW.txt,4300,1.0,-0.0,0.0
phoenixaces_t4300_g1.50_z-0.00_en0.00_NIRSPEC-O33-RAW.txt,4300,1.5,-0.0,0.0
phoenixaces_t4300_g2.00_z-0.00_en0.00_NIRSPEC-O33-RAW.txt,4300,2.0,-0.0,0.0
phoenixaces_t4300_g2.50_z-0.00_en0.00_NIRSPEC-O33-RAW.txt,4300,2.5,-0.0,0.0
phoenixaces_t4300_g3.00_z-0.00_en0.00_NIRSPEC-O33-RAW.txt,4300,3.0,-0.0,0.0
phoenixaces_t4300_g3.50_z-0.00_en0.00_NIRSPEC-O33-RAW.txt,4300,3.5,-0.0,0.0
phoenixaces_t4300_g4.00_z-0.00_en0.00_NIRSPEC-O33-RAW.txt,4300,4.0,-0.0,0.0
phoenixaces_t4300_g4.50_z-0.00_en0.00_NIRSPEC-O33-RAW.txt,4300,4.5,-0.0,0.0
phoenixaces_t4300_g5.00_z-0.00_en0.00_NIRSPEC-O33-RAW.txt,4300,5.0,-0.0,0.0
phoenixaces_t4300_g5.50_z-0.00_en0.00_NIRSPEC-O33-RAW.txt,4300,5.5,-0.0,0.0
phoenixaces_t4300_g6.00_z-0.00_en0.00_NIRSPEC-O33-RAW.txt,4300,6.0,-0.0,0.0
phoenixaces_t4400_g0.00_z-0.00_en0.00_NIRSPEC-O33-RAW.txt,4400,0.0,-0.0,0.0
phoenixaces_t4400_g0.50_z-0.00_en0.00_NIRSPEC-O33-RAW.txt,4400,0.5,-0.0,0.0
phoenixaces_t4400_g1.00_z-0.00_en0.00_NIRSPEC-O33-RAW.txt,4400,1.0,-0.0,0.0
phoenixaces_t4400_g1.50_z-0.00_en0.00_NIRSPEC-O33-RAW.txt,4400,1.5,-0.0,0.0
phoenixaces_t4400_g2.00_z-0.00_en0.00_NIRSPEC-O33-RAW.txt,4400,2.0,-0.0,0.0
phoenixaces_t4400_g2.50_z-0.00_en0.00_NIRSPEC-O33-RAW.txt,4400,2.5,-0.0,0.0
phoenixaces_t4400_g3.00_z-0.00_en0.00_NIRSPEC-O33-RAW.txt,4400,3.0,-0.0,0.0
phoenixaces_t4400_g3.50_z-0.00_en0.00_NIRSPEC-O33-RAW.txt,4400,3.5,-0.0,0.0
phoenixaces_t4400_g4.00_z-0.00_en0.00_NIRSPEC-O33-RAW.txt,4400,4.0,-0.0,0.0
phoenixaces_t4400_g4.50_z-0.00_en0.00_NIRSPEC-O33-RAW.txt,4400,4.5,-0.0,0.0
phoenixaces_t4400_g5.00_z-0.00_en0.00_NIRSPEC-O33-RAW.txt,4400,5.0,-0.0,0.0
phoenixaces_t4400_g5.50_z-0.00_en0.00_NIRSPEC-O33-RAW.txt,4400,5.5,-0.0,0.0
phoenixaces_t4400_g6.00_z-0.00_en0.00_NIRSPEC-O33-RAW.txt,4400,6.0,-0.0,0.0
phoenixaces_t4500_g0.00_z-0.00_en0.00_NIRSPEC-O33-RAW.txt,4500,0.0,-0.0,0.0
phoenixaces_t4500_g0.50_z-0.00_en0.00_NIRSPEC-O33-RAW.txt,4500,0.5,-0.0,0.0
phoenixaces_t4500_g1.00_z-0.00_en0.00_NIRSPEC-O33-RAW.txt,4500,1.0,-0.0,0.0
phoenixaces_t4500_g1.50_z-0.00_en0.00_NIRSPEC-O33-RAW.txt,4500,1.5,-0.0,0.0
phoenixaces_t4500_g2.00_z-0.00_en0.00_NIRSPEC-O33-RAW.txt,4500,2.0,-0.0,0.0
phoenixaces_t4500_g2.50_z-0.00_en0.00_NIRSPEC-O33-RAW.txt,4500,2.5,-0.0,0.0
phoenixaces_t4500_g3.00_z-0.00_en0.00_NIRSPEC-O33-RAW.txt,4500,3.0,-0.0,0.0
phoenixaces_t4500_g3.50_z-0.00_en0.00_NIRSPEC-O33-RAW.txt,4500,3.5,-0.0,0.0
phoenixaces_t4500_g4.00_z-0.00_en0.00_NIRSPEC-O33-RAW.txt,4500,4.0,-0.0,0.0
phoenixaces_t4500_g4.50_z-0.00_en0.00_NIRSPEC-O33-RAW.txt,4500,4.5,-0.0,0.0
phoenixaces_t4500_g5.00_z-0.00_en0.00_NIRSPEC-O33-RAW.txt,4500,5.0,-0.0,0.0
phoenixaces_t4500_g5.50_z-0.00_en0.00_NIRSPEC-O33-RAW.txt,4500,5.5,-0.0,0.0
phoenixaces_t4500_g6.00_z-0.00_en0.00_NIRSPEC-O33-RAW.txt,4500,6.0,-0.0,0.0
phoenixaces_t4600_g0.00_z-0.00_en0.00_NIRSPEC-O33-RAW.txt,4600,0.0,-0.0,0.0
phoenixaces_t4600_g0.50_z-0.00_en0.00_NIRSPEC-O33-RAW.txt,4600,0.5,-0.0,0.0
phoenixaces_t4600_g1.00_z-0.00_en0.00_NIRSPEC-O33-RAW.txt,4600,1.0,-0.0,0.0
phoenixaces_t4600_g1.50_z-0.00_en0.00_NIRSPEC-O33-RAW.txt,4600,1.5,-0.0,0.0
phoenixaces_t4600_g2.00_z-0.00_en0.00_NIRSPEC-O33-RAW.txt,4600,2.0,-0.0,0.0
phoenixaces_t4600_g2.50_z-0.00_en0.00_NIRSPEC-O33-RAW.txt,4600,2.5,-0.0,0.0
phoenixaces_t4600_g3.00_z-0.00_en0.00_NIRSPEC-O33-RAW.txt,4600,3.0,-0.0,0.0
phoenixaces_t4600_g3.50_z-0.00_en0.00_NIRSPEC-O33-RAW.txt,4600,3.5,-0.0,0.0
phoenixaces_t4600_g4.00_z-0.00_en0.00_NIRSPEC-O33-RAW.txt,4600,4.0,-0.0,0.0
phoenixaces_t4600_g4.50_z-0.00_en0.00_NIRSPEC-O33-RAW.txt,4600,4.5,-0.0,0.0
phoenixaces_t4600_g5.00_z-0.00_en0.00_NIRSPEC-O33-RAW.txt,4600,5.0,-0.0,0.0
phoenixaces_t4600_g5.50_z-0.00_en0.00_NIRSPEC-O33-RAW.txt,4600,5.5,-0.0,0.0
phoenixaces_t4600_g6.00_z-0.00_en0.00_NIRSPEC-O33-RAW.txt,4600,6.0,-0.0,0.0
phoenixaces_t4700_g0.00_z-0.00_en0.00_NIRSPEC-O33-RAW.txt,4700,0.0,-0.0,0.0
phoenixaces_t4700_g0.50_z-0.00_en0.00_NIRSPEC-O33-RAW.txt,4700,0.5,-0.0,0.0
phoenixaces_t4700_g1.00_z-0.00_en0.00_NIRSPEC-O33-RAW.txt,4700,1.0,-0.0,0.0
phoenixaces_t4700_g1.50_z-0.00_en0.00_NIRSPEC-O33-RAW.txt,4700,1.5,-0.0,0.0
phoenixaces_t4700_g2.00_z-0.00_en0.00_NIRSPEC-O33-RAW.txt,4700,2.0,-0.0,0.0
phoenixaces_t4700_g2.50_z-0.00_en0.00_NIRSPEC-O33-RAW.txt,4700,2.5,-0.0,0.0
phoenixaces_t4700_g3.00_z-0.00_en0.00_NIRSPEC-O33-RAW.txt,4700,3.0,-0.0,0.0
phoenixaces_t4700_g3.50_z-0.00_en0.00_NIRSPEC-O33-RAW.txt,4700,3.5,-0.0,0.0
phoenixaces_t4700_g4.00_z-0.00_en0.00_NIRSPEC-O33-RAW.txt,4700,4.0,-0.0,0.0
phoenixaces_t4700_g4.50_z-0.00_en0.00_NIRSPEC-O33-RAW.txt,4700,4.5,-0.0,0.0
phoenixaces_t4700_g5.00_z-0.00_en0.00_NIRSPEC-O33-RAW.txt,4700,5.0,-0.0,0.0
phoenixaces_t4700_g5.50_z-0.00_en0.00_NIRSPEC-O33-RAW.txt,4700,5.5,-0.0,0.0
phoenixaces_t4700_g6.00_z-0.00_en0.00_NIRSPEC-O33-RAW.txt,4700,6.0,-0.0,0.0
phoenixaces_t4800_g0.00_z-0.00_en0.00_NIRSPEC-O33-RAW.txt,4800,0.0,-0.0,0.0
phoenixaces_t4800_g0.50_z-0.00_en0.00_NIRSPEC-O33-RAW.txt,4800,0.5,-0.0,0.0
phoenixaces_t4800_g1.00_z-0.00_en0.00_NIRSPEC-O33-RAW.txt,4800,1.0,-0.0,0.0
phoenixaces_t4800_g1.50_z-0.00_en0.00_NIRSPEC-O33-RAW.txt,4800,1.5,-0.0,0.0
phoenixaces_t4800_g2.00_z-0.00_en0.00_NIRSPEC-O33-RAW.txt,4800,2.0,-0.0,0.0
phoenixaces_t4800_g2.50_z-0.00_en0.00_NIRSPEC-O33-RAW.txt,4800,2.5,-0.0,0.0
phoenixaces_t4800_g3.00_z-0.00_en0.00_NIRSPEC-O33-RAW.txt,4800,3.0,-0.0,0.0
phoenixaces_t4800_g3.50_z-0.00_en0.00_NIRSPEC-O33-RAW.txt,4800,3.5,-0.0,0.0
phoenixaces_t4800_g4.00_z-0.00_en0.00_NIRSPEC-O33-RAW.txt,4800,4.0,-0.0,0.0
phoenixaces_t4800_g4.50_z-0.00_en0.00_NIRSPEC-O33-RAW.txt,4800,4.5,-0.0,0.0
phoenixaces_t4800_g5.00_z-0.00_en0.00_NIRSPEC-O33-RAW.txt,4800,5.0,-0.0,0.0
phoenixaces_t4800_g5.50_z-0.00_en0.00_NIRSPEC-O33-RAW.txt,4800,5.5,-0.0,0.0
phoenixaces_t4800_g6.00_z-0.00_en0.00_NIRSPEC-O33-RAW.txt,4800,6.0,-0.0,0.0
phoenixaces_t4900_g0.00_z-0.00_en0.00_NIRSPEC-O33-RAW.txt,4900,0.0,-0.0,0.0
phoenixaces_t4900_g0.50_z-0.00_en0.00_NIRSPEC-O33-RAW.txt,4900,0.5,-0.0,0.0
phoenixaces_t4900_g1.00_z-0.00_en0.00_NIRSPEC-O33-RAW.txt,4900,1.0,-0.0,0.0
phoenixaces_t4900_g1.50_z-0.00_en0.00_NIRSPEC-O33-RAW.txt,4900,1.5,-0.0,0.0
phoenixaces_t4900_g2.00_z-0.00_en0.00_NIRSPEC-O33-RAW.txt,4900,2.0,-0.0,0.0
phoenixaces_t4900_g2.50_z-0.00_en0.00_NIRSPEC-O33-RAW.txt,4900,2.5,-0.0,0.0
phoenixaces_t4900_g3.00_z-0.00_en0.00_NIRSPEC-O33-RAW.txt,4900,3.0,-0.0,0.0
phoenixaces_t4900_g3.50_z-0.00_en0.00_NIRSPEC-O33-RAW.txt,4900,3.5,-0.0,0.0
phoenixaces_t4900_g4.00_z-0.00_en0.00_NIRSPEC-O33-RAW.txt,4900,4.0,-0.0,0.0
phoenixaces_t4900_g4.50_z-0.00_en0.00_NIRSPEC-O33-RAW.txt,4900,4.5,-0.0,0.0
phoenixaces_t4900_g5.00_z-0.00_en0.00_NIRSPEC-O33-RAW.txt,4900,5.0,-0.0,0.0
phoenixaces_t4900_g5.50_z-0.00_en0.00_NIRSPEC-O33-RAW.txt,4900,5.5,-0.0,0.0
phoenixaces_t4900_g6.00_z-0.00_en0.00_NIRSPEC-O33-RAW.txt,4900,6.0,-0.0,0.0
phoenixaces_t5000_g0.00_z-0.00_en0.00_NIRSPEC-O33-RAW.txt,5000,0.0,-0.0,0.0
phoenixaces_t5000_g0.50_z-0.00_en0.00_NIRSPEC-O33-RAW.txt,5000,0.5,-0.0,0.0
phoenixaces_t5000_g1.00_z-0.00_en0.00_NIRSPEC-O33-RAW.txt,5000,1.0,-0.0,0.0
phoenixaces_t5000_g1.50_z-0.00_en0.00_NIRSPEC-O33-RAW.txt,5000,1.5,-0.0,0.0
phoenixaces_t5000_g2.00_z-0.00_en0.00_NIRSPEC-O33-RAW.txt,5000,2.0,-0.0,0.0
phoenixaces_t5000_g2.50_z-0.00_en0.00_NIRSPEC-O33-RAW.txt,5000,2.5,-0.0,0.0
phoenixaces_t5000_g3.00_z-0.00_en0.00_NIRSPEC-O33-RAW.txt,5000,3.0,-0.0,0.0
phoenixaces_t5000_g3.50_z-0.00_en0.00_NIRSPEC-O33-RAW.txt,5000,3.5,-0.0,0.0
phoenixaces_t5000_g4.00_z-0.00_en0.00_NIRSPEC-O33-RAW.txt,5000,4.0,-0.0,0.0
phoenixaces_t5000_g4.50_z-0.00_en0.00_NIRSPEC-O33-RAW.txt,5000,4.5,-0.0,0.0
phoenixaces_t5000_g5.00_z-0.00_en0.00_NIRSPEC-O33-RAW.txt,5000,5.0,-0.0,0.0
phoenixaces_t5000_g5.50_z-0.00_en0.00_NIRSPEC-O33-RAW.txt,5000,5.5,-0.0,0.0
phoenixaces_t5000_g6.00_z-0.00_en0.00_NIRSPEC-O33-RAW.txt,5000,6.0,-0.0,0.0
phoenixaces_t5100_g0.00_z-0.00_en0.00_NIRSPEC-O33-RAW.txt,5100,0.0,-0.0,0.0
phoenixaces_t5100_g0.50_z-0.00_en0.00_NIRSPEC-O33-RAW.txt,5100,0.5,-0.0,0.0
phoenixaces_t5100_g1.00_z-0.00_en0.00_NIRSPEC-O33-RAW.txt,5100,1.0,-0.0,0.0
phoenixaces_t5100_g1.50_z-0.00_en0.00_NIRSPEC-O33-RAW.txt,5100,1.5,-0.0,0.0
phoenixaces_t5100_g2.00_z-0.00_en0.00_NIRSPEC-O33-RAW.txt,5100,2.0,-0.0,0.0
phoenixaces_t5100_g2.50_z-0.00_en0.00_NIRSPEC-O33-RAW.txt,5100,2.5,-0.0,0.0
phoenixaces_t5100_g3.00_z-0.00_en0.00_NIRSPEC-O33-RAW.txt,5100,3.0,-0.0,0.0
phoenixaces_t5100_g3.50_z-0.00_en0.00_NIRSPEC-O33-RAW.txt,5100,3.5,-0.0,0.0
phoenixaces_t5100_g4.00_z-0.00_en0.00_NIRSPEC-O33-RAW.txt,5100,4.0,-0.0,0.0
phoenixaces_t5100_g4.50_z-0.00_en0.00_NIRSPEC-O33-RAW.txt,5100,4.5,-0.0,0.0
phoenixaces_t5100_g5.00_z-0.00_en0.00_NIRSPEC-O33-RAW.txt,5100,5.0,-0.0,0.0
phoenixaces_t5100_g5.50_z-0.00_en0.00_NIRSPEC-O33-RAW.txt,5100,5.5,-0.0,0.0
phoenixaces_t5100_g6.00_z-0.00_en0.00_NIRSPEC-O33-RAW.txt,5100,6.0,-0.0,0.0
phoenixaces_t5200_g0.00_z-0.00_en0.00_NIRSPEC-O33-RAW.txt,5200,0.0,-0.0,0.0
phoenixaces_t5200_g0.50_z-0.00_en0.00_NIRSPEC-O33-RAW.txt,5200,0.5,-0.0,0.0
phoenixaces_t5200_g1.00_z-0.00_en0.00_NIRSPEC-O33-RAW.txt,5200,1.0,-0.0,0.0
phoenixaces_t5200_g1.50_z-0.00_en0.00_NIRSPEC-O33-RAW.txt,5200,1.5,-0.0,0.0
phoenixaces_t5200_g2.00_z-0.00_en0.00_NIRSPEC-O33-RAW.txt,5200,2.0,-0.0,0.0
phoenixaces_t5200_g2.50_z-0.00_en0.00_NIRSPEC-O33-RAW.txt,5200,2.5,-0.0,0.0
phoenixaces_t5200_g3.00_z-0.00_en0.00_NIRSPEC-O33-RAW.txt,5200,3.0,-0.0,0.0
phoenixaces_t5200_g3.50_z-0.00_en0.00_NIRSPEC-O33-RAW.txt,5200,3.5,-0.0,0.0
phoenixaces_t5200_g4.00_z-0.00_en0.00_NIRSPEC-O33-RAW.txt,5200,4.0,-0.0,0.0
phoenixaces_t5200_g4.50_z-0.00_en0.00_NIRSPEC-O33-RAW.txt,5200,4.5,-0.0,0.0
phoenixaces_t5200_g5.00_z-0.00_en0.00_NIRSPEC-O33-RAW.txt,5200,5.0,-0.0,0.0
phoenixaces_t5200_g5.50_z-0.00_en0.00_NIRSPEC-O33-RAW.txt,5200,5.5,-0.0,0.0
phoenixaces_t5200_g6.00_z-0.00_en0.00_NIRSPEC-O33-RAW.txt,5200,6.0,-0.0,0.0
phoenixaces_t5300_g0.00_z-0.00_en0.00_NIRSPEC-O33-RAW.txt,5300,0.0,-0.0,0.0
phoenixaces_t5300_g0.50_z-0.00_en0.00_NIRSPEC-O33-RAW.txt,5300,0.5,-0.0,0.0
phoenixaces_t5300_g1.00_z-0.00_en0.00_NIRSPEC-O33-RAW.txt,5300,1.0,-0.0,0.0
phoenixaces_t5300_g1.50_z-0.00_en0.00_NIRSPEC-O33-RAW.txt,5300,1.5,-0.0,0.0
phoenixaces_t5300_g2.00_z-0.00_en0.00_NIRSPEC-O33-RAW.txt,5300,2.0,-0.0,0.0
phoenixaces_t5300_g2.50_z-0.00_en0.00_NIRSPEC-O33-RAW.txt,5300,2.5,-0.0,0.0
phoenixaces_t5300_g3.00_z-0.00_en0.00_NIRSPEC-O33-RAW.txt,5300,3.0,-0.0,0.0
phoenixaces_t5300_g3.50_z-0.00_en0.00_NIRSPEC-O33-RAW.txt,5300,3.5,-0.0,0.0
phoenixaces_t5300_g4.00_z-0.00_en0.00_NIRSPEC-O33-RAW.txt,5300,4.0,-0.0,0.0
phoenixaces_t5300_g4.50_z-0.00_en0.00_NIRSPEC-O33-RAW.txt,5300,4.5,-0.0,0.0
phoenixaces_t5300_g5.00_z-0.00_en0.00_NIRSPEC-O33-RAW.txt,5300,5.0,-0.0,0.0
phoenixaces_t5300_g5.50_z-0.00_en0.00_NIRSPEC-O33-RAW.txt,5300,5.5,-0.0,0.0
phoenixaces_t5300_g6.00_z-0.00_en0.00_NIRSPEC-O33-RAW.txt,5300,6.0,-0.0,0.0
phoenixaces_t5400_g0.00_z-0.00_en0.00_NIRSPEC-O33-RAW.txt,5400,0.0,-0.0,0.0
phoenixaces_t5400_g0.50_z-0.00_en0.00_NIRSPEC-O33-RAW.txt,5400,0.5,-0.0,0.0
phoenixaces_t5400_g1.00_z-0.00_en0.00_NIRSPEC-O33-RAW.txt,5400,1.0,-0.0,0.0
phoenixaces_t5400_g1.50_z-0.00_en0.00_NIRSPEC-O33-RAW.txt,5400,1.5,-0.0,0.0
phoenixaces_t5400_g2.00_z-0.00_en0.00_NIRSPEC-O33-RAW.txt,5400,2.0,-0.0,0.0
phoenixaces_t5400_g2.50_z-0.00_en0.00_NIRSPEC-O33-RAW.txt,5400,2.5,-0.0,0.0
phoenixaces_t5400_g3.00_z-0.00_en0.00_NIRSPEC-O33-RAW.txt,5400,3.0,-0.0,0.0
phoenixaces_t5400_g3.50_z-0.00_en0.00_NIRSPEC-O33-RAW.txt,5400,3.5,-0.0,0.0
phoenixaces_t5400_g4.00_z-0.00_en0.00_NIRSPEC-O33-RAW.txt,5400,4.0,-0.0,0.0
phoenixaces_t5400_g4.50_z-0.00_en0.00_NIRSPEC-O33-RAW.txt,5400,4.5,-0.0,0.0
phoenixaces_t5400_g5.00_z-0.00_en0.00_NIRSPEC-O33-RAW.txt,5400,5.0,-0.0,0.0
phoenixaces_t5400_g5.50_z-0.00_en0.00_NIRSPEC-O33-RAW.txt,5400,5.5,-0.0,0.0
phoenixaces_t5400_g6.00_z-0.00_en0.00_NIRSPEC-O33-RAW.txt,5400,6.0,-0.0,0.0
phoenixaces_t5500_g0.00_z-0.00_en0.00_NIRSPEC-O33-RAW.txt,5500,0.0,-0.0,0.0
phoenixaces_t5500_g0.50_z-0.00_en0.00_NIRSPEC-O33-RAW.txt,5500,0.5,-0.0,0.0
phoenixaces_t5500_g1.00_z-0.00_en0.00_NIRSPEC-O33-RAW.txt,5500,1.0,-0.0,0.0
phoenixaces_t5500_g1.50_z-0.00_en0.00_NIRSPEC-O33-RAW.txt,5500,1.5,-0.0,0.0
phoenixaces_t5500_g2.00_z-0.00_en0.00_NIRSPEC-O33-RAW.txt,5500,2.0,-0.0,0.0
phoenixaces_t5500_g2.50_z-0.00_en0.00_NIRSPEC-O33-RAW.txt,5500,2.5,-0.0,0.0
phoenixaces_t5500_g3.00_z-0.00_en0.00_NIRSPEC-O33-RAW.txt,5500,3.0,-0.0,0.0
phoenixaces_t5500_g3.50_z-0.00_en0.00_NIRSPEC-O33-RAW.txt,5500,3.5,-0.0,0.0
phoenixaces_t5500_g4.00_z-0.00_en0.00_NIRSPEC-O33-RAW.txt,5500,4.0,-0.0,0.0
phoenixaces_t5500_g4.50_z-0.00_en0.00_NIRSPEC-O33-RAW.txt,5500,4.5,-0.0,0.0
phoenixaces_t5500_g5.00_z-0.00_en0.00_NIRSPEC-O33-RAW.txt,5500,5.0,-0.0,0.0
phoenixaces_t5500_g5.50_z-0.00_en0.00_NIRSPEC-O33-RAW.txt,5500,5.5,-0.0,0.0
phoenixaces_t5500_g6.00_z-0.00_en0.00_NIRSPEC-O33-RAW.txt,5500,6.0,-0.0,0.0
phoenixaces_t5600_g0.00_z-0.00_en0.00_NIRSPEC-O33-RAW.txt,5600,0.0,-0.0,0.0
phoenixaces_t5600_g0.50_z-0.00_en0.00_NIRSPEC-O33-RAW.txt,5600,0.5,-0.0,0.0
phoenixaces_t5600_g1.00_z-0.00_en0.00_NIRSPEC-O33-RAW.txt,5600,1.0,-0.0,0.0
phoenixaces_t5600_g1.50_z-0.00_en0.00_NIRSPEC-O33-RAW.txt,5600,1.5,-0.0,0.0
phoenixaces_t5600_g2.00_z-0.00_en0.00_NIRSPEC-O33-RAW.txt,5600,2.0,-0.0,0.0
phoenixaces_t5600_g2.50_z-0.00_en0.00_NIRSPEC-O33-RAW.txt,5600,2.5,-0.0,0.0
phoenixaces_t5600_g3.00_z-0.00_en0.00_NIRSPEC-O33-RAW.txt,5600,3.0,-0.0,0.0
phoenixaces_t5600_g3.50_z-0.00_en0.00_NIRSPEC-O33-RAW.txt,5600,3.5,-0.0,0.0
phoenixaces_t5600_g4.00_z-0.00_en0.00_NIRSPEC-O33-RAW.txt,5600,4.0,-0.0,0.0
phoenixaces_t5600_g4.50_z-0.00_en0.00_NIRSPEC-O33-RAW.txt,5600,4.5,-0.0,0.0
phoenixaces_t5600_g5.00_z-0.00_en0.00_NIRSPEC-O33-RAW.txt,5600,5.0,-0.0,0.0
phoenixaces_t5600_g5.50_z-0.00_en0.00_NIRSPEC-O33-RAW.txt,5600,5.5,-0.0,0.0
phoenixaces_t5600_g6.00_z-0.00_en0.00_NIRSPEC-O33-RAW.txt,5600,6.0,-0.0,0.0
phoenixaces_t5700_g0.50_z-0.00_en0.00_NIRSPEC-O33-RAW.txt,5700,0.5,-0.0,0.0
phoenixaces_t5700_g1.00_z-0.00_en0.00_NIRSPEC-O33-RAW.txt,5700,1.0,-0.0,0.0
phoenixaces_t5700_g1.50_z-0.00_en0.00_NIRSPEC-O33-RAW.txt,5700,1.5,-0.0,0.0
phoenixaces_t5700_g2.00_z-0.00_en0.00_NIRSPEC-O33-RAW.txt,5700,2.0,-0.0,0.0
phoenixaces_t5700_g2.50_z-0.00_en0.00_NIRSPEC-O33-RAW.txt,5700,2.5,-0.0,0.0
phoenixaces_t5700_g3.00_z-0.00_en0.00_NIRSPEC-O33-RAW.txt,5700,3.0,-0.0,0.0
phoenixaces_t5700_g3.50_z-0.00_en0.00_NIRSPEC-O33-RAW.txt,5700,3.5,-0.0,0.0
phoenixaces_t5700_g4.00_z-0.00_en0.00_NIRSPEC-O33-RAW.txt,5700,4.0,-0.0,0.0
phoenixaces_t5700_g4.50_z-0.00_en0.00_NIRSPEC-O33-RAW.txt,5700,4.5,-0.0,0.0
phoenixaces_t5700_g5.00_z-0.00_en0.00_NIRSPEC-O33-RAW.txt,5700,5.0,-0.0,0.0
phoenixaces_t5700_g5.50_z-0.00_en0.00_NIRSPEC-O33-RAW.txt,5700,5.5,-0.0,0.0
phoenixaces_t5700_g6.00_z-0.00_en0.00_NIRSPEC-O33-RAW.txt,5700,6.0,-0.0,0.0
phoenixaces_t5800_g0.50_z-0.00_en0.00_NIRSPEC-O33-RAW.txt,5800,0.5,-0.0,0.0
phoenixaces_t5800_g1.00_z-0.00_en0.00_NIRSPEC-O33-RAW.txt,5800,1.0,-0.0,0.0
phoenixaces_t5800_g1.50_z-0.00_en0.00_NIRSPEC-O33-RAW.txt,5800,1.5,-0.0,0.0
phoenixaces_t5800_g2.00_z-0.00_en0.00_NIRSPEC-O33-RAW.txt,5800,2.0,-0.0,0.0
phoenixaces_t5800_g2.50_z-0.00_en0.00_NIRSPEC-O33-RAW.txt,5800,2.5,-0.0,0.0
phoenixaces_t5800_g3.00_z-0.00_en0.00_NIRSPEC-O33-RAW.txt,5800,3.0,-0.0,0.0
phoenixaces_t5800_g3.50_z-0.00_en0.00_NIRSPEC-O33-RAW.txt,5800,3.5,-0.0,0.0
phoenixaces_t5800_g4.00_z-0.00_en0.00_NIRSPEC-O33-RAW.txt,5800,4.0,-0.0,0.0
phoenixaces_t5800_g4.50_z-0.00_en0.00_NIRSPEC-O33-RAW.txt,5800,4.5,-0.0,0.0
phoenixaces_t5800_g5.00_z-0.00_en0.00_NIRSPEC-O33-RAW.txt,5800,5.0,-0.0,0.0
phoenixaces_t5800_g5.50_z-0.00_en0.00_NIRSPEC-O33-RAW.txt,5800,5.5,-0.0,0.0
phoenixaces_t5800_g6.00_z-0.00_en0.00_NIRSPEC-O33-RAW.txt,5800,6.0,-0.0,0.0
phoenixaces_t5900_g0.50_z-0.00_en0.00_NIRSPEC-O33-RAW.txt,5900,0.5,-0.0,0.0
phoenixaces_t5900_g1.00_z-0.00_en0.00_NIRSPEC-O33-RAW.txt,5900,1.0,-0.0,0.0
phoenixaces_t5900_g1.50_z-0.00_en0.00_NIRSPEC-O33-RAW.txt,5900,1.5,-0.0,0.0
phoenixaces_t5900_g2.00_z-0.00_en0.00_NIRSPEC-O33-RAW.txt,5900,2.0,-0.0,0.0
phoenixaces_t5900_g2.50_z-0.00_en0.00_NIRSPEC-O33-RAW.txt,5900,2.5,-0.0,0.0
phoenixaces_t5900_g3.00_z-0.00_en0.00_NIRSPEC-O33-RAW.txt,5900,3.0,-0.0,0.0
phoenixaces_t5900_g3.50_z-0.00_en0.00_NIRSPEC-O33-RAW.txt,5900,3.5,-0.0,0.0
phoenixaces_t5900_g4.00_z-0.00_en0.00_NIRSPEC-O33-RAW.txt,5900,4.0,-0.0,0.0
phoenixaces_t5900_g4.50_z-0.00_en0.00_NIRSPEC-O33-RAW.txt,5900,4.5,-0.0,0.0
phoenixaces_t5900_g5.00_z-0.00_en0.00_NIRSPEC-O33-RAW.txt,5900,5.0,-0.0,0.0
phoenixaces_t5900_g5.50_z-0.00_en0.00_NIRSPEC-O33-RAW.txt,5900,5.5,-0.0,0.0
phoenixaces_t5900_g6.00_z-0.00_en0.00_NIRSPEC-O33-RAW.txt,5900,6.0,-0.0,0.0
phoenixaces_t6000_g1.00_z-0.00_en0.00_NIRSPEC-O33-RAW.txt,6000,1.0,-0.0,0.0
phoenixaces_t6000_g1.50_z-0.00_en0.00_NIRSPEC-O33-RAW.txt,6000,1.5,-0.0,0.0
phoenixaces_t6000_g2.00_z-0.00_en0.00_NIRSPEC-O33-RAW.txt,6000,2.0,-0.0,0.0
phoenixaces_t6000_g2.50_z-0.00_en0.00_NIRSPEC-O33-RAW.txt,6000,2.5,-0.0,0.0
phoenixaces_t6000_g3.00_z-0.00_en0.00_NIRSPEC-O33-RAW.txt,6000,3.0,-0.0,0.0
phoenixaces_t6000_g3.50_z-0.00_en0.00_NIRSPEC-O33-RAW.txt,6000,3.5,-0.0,0.0
phoenixaces_t6000_g4.00_z-0.00_en0.00_NIRSPEC-O33-RAW.txt,6000,4.0,-0.0,0.0
phoenixaces_t6000_g4.50_z-0.00_en0.00_NIRSPEC-O33-RAW.txt,6000,4.5,-0.0,0.0
phoenixaces_t6000_g5.00_z-0.00_en0.00_NIRSPEC-O33-RAW.txt,6000,5.0,-0.0,0.0
phoenixaces_t6000_g5.50_z-0.00_en0.00_NIRSPEC-O33-RAW.txt,6000,5.5,-0.0,0.0
phoenixaces_t6000_g6.00_z-0.00_en0.00_NIRSPEC-O33-RAW.txt,6000,6.0,-0.0,0.0
phoenixaces_t6100_g1.00_z-0.00_en0.00_NIRSPEC-O33-RAW.txt,6100,1.0,-0.0,0.0
phoenixaces_t6100_g1.50_z-0.00_en0.00_NIRSPEC-O33-RAW.txt,6100,1.5,-0.0,0.0
phoenixaces_t6100_g2.00_z-0.00_en0.00_NIRSPEC-O33-RAW.txt,6100,2.0,-0.0,0.0
phoenixaces_t6100_g2.50_z-0.00_en0.00_NIRSPEC-O33-RAW.txt,6100,2.5,-0.0,0.0
phoenixaces_t6100_g3.00_z-0.00_en0.00_NIRSPEC-O33-RAW.txt,6100,3.0,-0.0,0.0
phoenixaces_t6100_g3.50_z-0.00_en0.00_NIRSPEC-O33-RAW.txt,6100,3.5,-0.0,0.0
phoenixaces_t6100_g4.00_z-0.00_en0.00_NIRSPEC-O33-RAW.txt,6100,4.0,-0.0,0.0
phoenixaces_t6100_g4.50_z-0.00_en0.00_NIRSPEC-O33-RAW.txt,6100,4.5,-0.0,0.0
phoenixaces_t6100_g5.00_z-0.00_en0.00_NIRSPEC-O33-RAW.txt,6100,5.0,-0.0,0.0
phoenixaces_t6100_g5.50_z-0.00_en0.00_NIRSPEC-O33-RAW.txt,6100,5.5,-0.0,0.0
phoenixaces_t6100_g6.00_z-0.00_en0.00_NIRSPEC-O33-RAW.txt,6100,6.0,-0.0,0.0
phoenixaces_t6200_g1.00_z-0.00_en0.00_NIRSPEC-O33-RAW.txt,6200,1.0,-0.0,0.0
phoenixaces_t6200_g1.50_z-0.00_en0.00_NIRSPEC-O33-RAW.txt,6200,1.5,-0.0,0.0
phoenixaces_t6200_g2.00_z-0.00_en0.00_NIRSPEC-O33-RAW.txt,6200,2.0,-0.0,0.0
phoenixaces_t6200_g2.50_z-0.00_en0.00_NIRSPEC-O33-RAW.txt,6200,2.5,-0.0,0.0
phoenixaces_t6200_g3.00_z-0.00_en0.00_NIRSPEC-O33-RAW.txt,6200,3.0,-0.0,0.0
phoenixaces_t6200_g3.50_z-0.00_en0.00_NIRSPEC-O33-RAW.txt,6200,3.5,-0.0,0.0
phoenixaces_t6200_g4.00_z-0.00_en0.00_NIRSPEC-O33-RAW.txt,6200,4.0,-0.0,0.0
phoenixaces_t6200_g4.50_z-0.00_en0.00_NIRSPEC-O33-RAW.txt,6200,4.5,-0.0,0.0
phoenixaces_t6200_g5.00_z-0.00_en0.00_NIRSPEC-O33-RAW.txt,6200,5.0,-0.0,0.0
phoenixaces_t6200_g5.50_z-0.00_en0.00_NIRSPEC-O33-RAW.txt,6200,5.5,-0.0,0.0
phoenixaces_t6200_g6.00_z-0.00_en0.00_NIRSPEC-O33-RAW.txt,6200,6.0,-0.0,0.0
phoenixaces_t6300_g1.00_z-0.00_en0.00_NIRSPEC-O33-RAW.txt,6300,1.0,-0.0,0.0
phoenixaces_t6300_g1.50_z-0.00_en0.00_NIRSPEC-O33-RAW.txt,6300,1.5,-0.0,0.0
phoenixaces_t6300_g2.00_z-0.00_en0.00_NIRSPEC-O33-RAW.txt,6300,2.0,-0.0,0.0
phoenixaces_t6300_g2.50_z-0.00_en0.00_NIRSPEC-O33-RAW.txt,6300,2.5,-0.0,0.0
phoenixaces_t6300_g3.00_z-0.00_en0.00_NIRSPEC-O33-RAW.txt,6300,3.0,-0.0,0.0
phoenixaces_t6300_g3.50_z-0.00_en0.00_NIRSPEC-O33-RAW.txt,6300,3.5,-0.0,0.0
phoenixaces_t6300_g4.00_z-0.00_en0.00_NIRSPEC-O33-RAW.txt,6300,4.0,-0.0,0.0
phoenixaces_t6300_g4.50_z-0.00_en0.00_NIRSPEC-O33-RAW.txt,6300,4.5,-0.0,0.0
phoenixaces_t6300_g5.00_z-0.00_en0.00_NIRSPEC-O33-RAW.txt,6300,5.0,-0.0,0.0
phoenixaces_t6300_g5.50_z-0.00_en0.00_NIRSPEC-O33-RAW.txt,6300,5.5,-0.0,0.0
phoenixaces_t6300_g6.00_z-0.00_en0.00_NIRSPEC-O33-RAW.txt,6300,6.0,-0.0,0.0
phoenixaces_t6400_g1.00_z-0.00_en0.00_NIRSPEC-O33-RAW.txt,6400,1.0,-0.0,0.0
phoenixaces_t6400_g1.50_z-0.00_en0.00_NIRSPEC-O33-RAW.txt,6400,1.5,-0.0,0.0
phoenixaces_t6400_g2.00_z-0.00_en0.00_NIRSPEC-O33-RAW.txt,6400,2.0,-0.0,0.0
phoenixaces_t6400_g2.50_z-0.00_en0.00_NIRSPEC-O33-RAW.txt,6400,2.5,-0.0,0.0
phoenixaces_t6400_g3.00_z-0.00_en0.00_NIRSPEC-O33-RAW.txt,6400,3.0,-0.0,0.0
phoenixaces_t6400_g3.50_z-0.00_en0.00_NIRSPEC-O33-RAW.txt,6400,3.5,-0.0,0.0
phoenixaces_t6400_g4.00_z-0.00_en0.00_NIRSPEC-O33-RAW.txt,6400,4.0,-0.0,0.0
phoenixaces_t6400_g4.50_z-0.00_en0.00_NIRSPEC-O33-RAW.txt,6400,4.5,-0.0,0.0
phoenixaces_t6400_g5.00_z-0.00_en0.00_NIRSPEC-O33-RAW.txt,6400,5.0,-0.0,0.0
phoenixaces_t6400_g5.50_z-0.00_en0.00_NIRSPEC-O33-RAW.txt,6400,5.5,-0.0,0.0
phoenixaces_t6400_g6.00_z-0.00_en0.00_NIRSPEC-O33-RAW.txt,6400,6.0,-0.0,0.0
phoenixaces_t6500_g1.00_z-0.00_en0.00_NIRSPEC-O33-RAW.txt,6500,1.0,-0.0,0.0
phoenixaces_t6500_g1.50_z-0.00_en0.00_NIRSPEC-O33-RAW.txt,6500,1.5,-0.0,0.0
phoenixaces_t6500_g2.00_z-0.00_en0.00_NIRSPEC-O33-RAW.txt,6500,2.0,-0.0,0.0
phoenixaces_t6500_g2.50_z-0.00_en0.00_NIRSPEC-O33-RAW.txt,6500,2.5,-0.0,0.0
phoenixaces_t6500_g3.00_z-0.00_en0.00_NIRSPEC-O33-RAW.txt,6500,3.0,-0.0,0.0
phoenixaces_t6500_g3.50_z-0.00_en0.00_NIRSPEC-O33-RAW.txt,6500,3.5,-0.0,0.0
phoenixaces_t6500_g4.00_z-0.00_en0.00_NIRSPEC-O33-RAW.txt,6500,4.0,-0.0,0.0
phoenixaces_t6500_g4.50_z-0.00_en0.00_NIRSPEC-O33-RAW.txt,6500,4.5,-0.0,0.0
phoenixaces_t6500_g5.00_z-0.00_en0.00_NIRSPEC-O33-RAW.txt,6500,5.0,-0.0,0.0
phoenixaces_t6500_g5.50_z-0.00_en0.00_NIRSPEC-O33-RAW.txt,6500,5.5,-0.0,0.0
phoenixaces_t6500_g6.00_z-0.00_en0.00_NIRSPEC-O33-RAW.txt,6500,6.0,-0.0,0.0
phoenixaces_t6600_g1.00_z-0.00_en0.00_NIRSPEC-O33-RAW.txt,6600,1.0,-0.0,0.0
phoenixaces_t6600_g1.50_z-0.00_en0.00_NIRSPEC-O33-RAW.txt,6600,1.5,-0.0,0.0
phoenixaces_t6600_g2.00_z-0.00_en0.00_NIRSPEC-O33-RAW.txt,6600,2.0,-0.0,0.0
phoenixaces_t6600_g2.50_z-0.00_en0.00_NIRSPEC-O33-RAW.txt,6600,2.5,-0.0,0.0
phoenixaces_t6600_g3.00_z-0.00_en0.00_NIRSPEC-O33-RAW.txt,6600,3.0,-0.0,0.0
phoenixaces_t6600_g3.50_z-0.00_en0.00_NIRSPEC-O33-RAW.txt,6600,3.5,-0.0,0.0
phoenixaces_t6600_g4.00_z-0.00_en0.00_NIRSPEC-O33-RAW.txt,6600,4.0,-0.0,0.0
phoenixaces_t6600_g4.50_z-0.00_en0.00_NIRSPEC-O33-RAW.txt,6600,4.5,-0.0,0.0
phoenixaces_t6600_g5.00_z-0.00_en0.00_NIRSPEC-O33-RAW.txt,6600,5.0,-0.0,0.0
phoenixaces_t6600_g5.50_z-0.00_en0.00_NIRSPEC-O33-RAW.txt,6600,5.5,-0.0,0.0
phoenixaces_t6600_g6.00_z-0.00_en0.00_NIRSPEC-O33-RAW.txt,6600,6.0,-0.0,0.0
phoenixaces_t6700_g1.00_z-0.00_en0.00_NIRSPEC-O33-RAW.txt,6700,1.0,-0.0,0.0
phoenixaces_t6700_g1.50_z-0.00_en0.00_NIRSPEC-O33-RAW.txt,6700,1.5,-0.0,0.0
phoenixaces_t6700_g2.00_z-0.00_en0.00_NIRSPEC-O33-RAW.txt,6700,2.0,-0.0,0.0
phoenixaces_t6700_g2.50_z-0.00_en0.00_NIRSPEC-O33-RAW.txt,6700,2.5,-0.0,0.0
phoenixaces_t6700_g3.00_z-0.00_en0.00_NIRSPEC-O33-RAW.txt,6700,3.0,-0.0,0.0
phoenixaces_t6700_g3.50_z-0.00_en0.00_NIRSPEC-O33-RAW.txt,6700,3.5,-0.0,0.0
phoenixaces_t6700_g4.00_z-0.00_en0.00_NIRSPEC-O33-RAW.txt,6700,4.0,-0.0,0.0
phoenixaces_t6700_g4.50_z-0.00_en0.00_NIRSPEC-O33-RAW.txt,6700,4.5,-0.0,0.0
phoenixaces_t6700_g5.00_z-0.00_en0.00_NIRSPEC-O33-RAW.txt,6700,5.0,-0.0,0.0
phoenixaces_t6700_g5.50_z-0.00_en0.00_NIRSPEC-O33-RAW.txt,6700,5.5,-0.0,0.0
phoenixaces_t6700_g6.00_z-0.00_en0.00_NIRSPEC-O33-RAW.txt,6700,6.0,-0.0,0.0
phoenixaces_t6800_g1.00_z-0.00_en0.00_NIRSPEC-O33-RAW.txt,6800,1.0,-0.0,0.0
phoenixaces_t6800_g1.50_z-0.00_en0.00_NIRSPEC-O33-RAW.txt,6800,1.5,-0.0,0.0
phoenixaces_t6800_g2.00_z-0.00_en0.00_NIRSPEC-O33-RAW.txt,6800,2.0,-0.0,0.0
phoenixaces_t6800_g2.50_z-0.00_en0.00_NIRSPEC-O33-RAW.txt,6800,2.5,-0.0,0.0
phoenixaces_t6800_g3.00_z-0.00_en0.00_NIRSPEC-O33-RAW.txt,6800,3.0,-0.0,0.0
phoenixaces_t6800_g3.50_z-0.00_en0.00_NIRSPEC-O33-RAW.txt,6800,3.5,-0.0,0.0
phoenixaces_t6800_g4.00_z-0.00_en0.00_NIRSPEC-O33-RAW.txt,6800,4.0,-0.0,0.0
phoenixaces_t6800_g4.50_z-0.00_en0.00_NIRSPEC-O33-RAW.txt,6800,4.5,-0.0,0.0
phoenixaces_t6800_g5.00_z-0.00_en0.00_NIRSPEC-O33-RAW.txt,6800,5.0,-0.0,0.0
phoenixaces_t6800_g5.50_z-0.00_en0.00_NIRSPEC-O33-RAW.txt,6800,5.5,-0.0,0.0
phoenixaces_t6800_g6.00_z-0.00_en0.00_NIRSPEC-O33-RAW.txt,6800,6.0,-0.0,0.0
phoenixaces_t6900_g1.00_z-0.00_en0.00_NIRSPEC-O33-RAW.txt,6900,1.0,-0.0,0.0
phoenixaces_t6900_g1.50_z-0.00_en0.00_NIRSPEC-O33-RAW.txt,6900,1.5,-0.0,0.0
phoenixaces_t6900_g2.00_z-0.00_en0.00_NIRSPEC-O33-RAW.txt,6900,2.0,-0.0,0.0
phoenixaces_t6900_g2.50_z-0.00_en0.00_NIRSPEC-O33-RAW.txt,6900,2.5,-0.0,0.0
phoenixaces_t6900_g3.00_z-0.00_en0.00_NIRSPEC-O33-RAW.txt,6900,3.0,-0.0,0.0
phoenixaces_t6900_g3.50_z-0.00_en0.00_NIRSPEC-O33-RAW.txt,6900,3.5,-0.0,0.0
phoenixaces_t6900_g4.00_z-0.00_en0.00_NIRSPEC-O33-RAW.txt,6900,4.0,-0.0,0.0
phoenixaces_t6900_g4.50_z-0.00_en0.00_NIRSPEC-O33-RAW.txt,6900,4.5,-0.0,0.0
phoenixaces_t6900_g5.00_z-0.00_en0.00_NIRSPEC-O33-RAW.txt,6900,5.0,-0.0,0.0
phoenixaces_t6900_g5.50_z-0.00_en0.00_NIRSPEC-O33-RAW.txt,6900,5.5,-0.0,0.0
phoenixaces_t6900_g6.00_z-0.00_en0.00_NIRSPEC-O33-RAW.txt,6900,6.0,-0.0,0.0
phoenixaces_t7000_g1.00_z-0.00_en0.00_NIRSPEC-O33-RAW.txt,7000,1.0,-0.0,0.0
phoenixaces_t7000_g1.50_z-0.00_en0.00_NIRSPEC-O33-RAW.txt,7000,1.5,-0.0,0.0
phoenixaces_t7000_g2.00_z-0.00_en0.00_NIRSPEC-O33-RAW.txt,7000,2.0,-0.0,0.0
phoenixaces_t7000_g2.50_z-0.00_en0.00_NIRSPEC-O33-RAW.txt,7000,2.5,-0.0,0.0
phoenixaces_t7000_g3.00_z-0.00_en0.00_NIRSPEC-O33-RAW.txt,7000,3.0,-0.0,0.0
phoenixaces_t7000_g3.50_z-0.00_en0.00_NIRSPEC-O33-RAW.txt,7000,3.5,-0.0,0.0
phoenixaces_t7000_g4.00_z-0.00_en0.00_NIRSPEC-O33-RAW.txt,7000,4.0,-0.0,0.0
phoenixaces_t7000_g4.50_z-0.00_en0.00_NIRSPEC-O33-RAW.txt,7000,4.5,-0.0,0.0
phoenixaces_t7000_g5.00_z-0.00_en0.00_NIRSPEC-O33-RAW.txt,7000,5.0,-0.0,0.0
phoenixaces_t7000_g5.50_z-0.00_en0.00_NIRSPEC-O33-RAW.txt,7000,5.5,-0.0,0.0
phoenixaces_t7000_g6.00_z-0.00_en0.00_NIRSPEC-O33-RAW.txt,7000,6.0,-0.0,0.0
phoenixaces_t7200_g1.00_z-0.00_en0.00_NIRSPEC-O33-RAW.txt,7200,1.0,-0.0,0.0
phoenixaces_t7200_g1.50_z-0.00_en0.00_NIRSPEC-O33-RAW.txt,7200,1.5,-0.0,0.0
phoenixaces_t7200_g2.00_z-0.00_en0.00_NIRSPEC-O33-RAW.txt,7200,2.0,-0.0,0.0
phoenixaces_t7200_g2.50_z-0.00_en0.00_NIRSPEC-O33-RAW.txt,7200,2.5,-0.0,0.0
phoenixaces_t7200_g3.00_z-0.00_en0.00_NIRSPEC-O33-RAW.txt,7200,3.0,-0.0,0.0
phoenixaces_t7200_g3.50_z-0.00_en0.00_NIRSPEC-O33-RAW.txt,7200,3.5,-0.0,0.0
phoenixaces_t7200_g4.00_z-0.00_en0.00_NIRSPEC-O33-RAW.txt,7200,4.0,-0.0,0.0
phoenixaces_t7200_g4.50_z-0.00_en0.00_NIRSPEC-O33-RAW.txt,7200,4.5,-0.0,0.0
phoenixaces_t7200_g5.00_z-0.00_en0.00_NIRSPEC-O33-RAW.txt,7200,5.0,-0.0,0.0
phoenixaces_t7200_g5.50_z-0.00_en0.00_NIRSPEC-O33-RAW.txt,7200,5.5,-0.0,0.0
phoenixaces_t7200_g6.00_z-0.00_en0.00_NIRSPEC-O33-RAW.txt,7200,6.0,-0.0,0.0
phoenixaces_t7400_g1.00_z-0.00_en0.00_NIRSPEC-O33-RAW.txt,7400,1.0,-0.0,0.0
phoenixaces_t7400_g1.50_z-0.00_en0.00_NIRSPEC-O33-RAW.txt,7400,1.5,-0.0,0.0
phoenixaces_t7400_g2.00_z-0.00_en0.00_NIRSPEC-O33-RAW.txt,7400,2.0,-0.0,0.0
phoenixaces_t7400_g2.50_z-0.00_en0.00_NIRSPEC-O33-RAW.txt,7400,2.5,-0.0,0.0
phoenixaces_t7400_g3.00_z-0.00_en0.00_NIRSPEC-O33-RAW.txt,7400,3.0,-0.0,0.0
phoenixaces_t7400_g3.50_z-0.00_en0.00_NIRSPEC-O33-RAW.txt,7400,3.5,-0.0,0.0
phoenixaces_t7400_g4.00_z-0.00_en0.00_NIRSPEC-O33-RAW.txt,7400,4.0,-0.0,0.0
phoenixaces_t7400_g4.50_z-0.00_en0.00_NIRSPEC-O33-RAW.txt,7400,4.5,-0.0,0.0
phoenixaces_t7400_g5.00_z-0.00_en0.00_NIRSPEC-O33-RAW.txt,7400,5.0,-0.0,0.0
phoenixaces_t7400_g5.50_z-0.00_en0.00_NIRSPEC-O33-RAW.txt,7400,5.5,-0.0,0.0
phoenixaces_t7400_g6.00_z-0.00_en0.00_NIRSPEC-O33-RAW.txt,7400,6.0,-0.0,0.0
phoenixaces_t7600_g1.00_z-0.00_en0.00_NIRSPEC-O33-RAW.txt,7600,1.0,-0.0,0.0
phoenixaces_t7600_g1.50_z-0.00_en0.00_NIRSPEC-O33-RAW.txt,7600,1.5,-0.0,0.0
phoenixaces_t7600_g2.00_z-0.00_en0.00_NIRSPEC-O33-RAW.txt,7600,2.0,-0.0,0.0
phoenixaces_t7600_g2.50_z-0.00_en0.00_NIRSPEC-O33-RAW.txt,7600,2.5,-0.0,0.0
phoenixaces_t7600_g3.00_z-0.00_en0.00_NIRSPEC-O33-RAW.txt,7600,3.0,-0.0,0.0
phoenixaces_t7600_g3.50_z-0.00_en0.00_NIRSPEC-O33-RAW.txt,7600,3.5,-0.0,0.0
phoenixaces_t7600_g4.00_z-0.00_en0.00_NIRSPEC-O33-RAW.txt,7600,4.0,-0.0,0.0
phoenixaces_t7600_g4.50_z-0.00_en0.00_NIRSPEC-O33-RAW.txt,7600,4.5,-0.0,0.0
phoenixaces_t7600_g5.00_z-0.00_en0.00_NIRSPEC-O33-RAW.txt,7600,5.0,-0.0,0.0
phoenixaces_t7600_g5.50_z-0.00_en0.00_NIRSPEC-O33-RAW.txt,7600,5.5,-0.0,0.0
phoenixaces_t7600_g6.00_z-0.00_en0.00_NIRSPEC-O33-RAW.txt,7600,6.0,-0.0,0.0
phoenixaces_t7800_g1.00_z-0.00_en0.00_NIRSPEC-O33-RAW.txt,7800,1.0,-0.0,0.0
phoenixaces_t7800_g1.50_z-0.00_en0.00_NIRSPEC-O33-RAW.txt,7800,1.5,-0.0,0.0
phoenixaces_t7800_g2.00_z-0.00_en0.00_NIRSPEC-O33-RAW.txt,7800,2.0,-0.0,0.0
phoenixaces_t7800_g2.50_z-0.00_en0.00_NIRSPEC-O33-RAW.txt,7800,2.5,-0.0,0.0
phoenixaces_t7800_g3.00_z-0.00_en0.00_NIRSPEC-O33-RAW.txt,7800,3.0,-0.0,0.0
phoenixaces_t7800_g3.50_z-0.00_en0.00_NIRSPEC-O33-RAW.txt,7800,3.5,-0.0,0.0
phoenixaces_t7800_g4.00_z-0.00_en0.00_NIRSPEC-O33-RAW.txt,7800,4.0,-0.0,0.0
phoenixaces_t7800_g4.50_z-0.00_en0.00_NIRSPEC-O33-RAW.txt,7800,4.5,-0.0,0.0
phoenixaces_t7800_g5.00_z-0.00_en0.00_NIRSPEC-O33-RAW.txt,7800,5.0,-0.0,0.0
phoenixaces_t7800_g5.50_z-0.00_en0.00_NIRSPEC-O33-RAW.txt,7800,5.5,-0.0,0.0
phoenixaces_t7800_g6.00_z-0.00_en0.00_NIRSPEC-O33-RAW.txt,7800,6.0,-0.0,0.0
phoenixaces_t8000_g1.00_z-0.00_en0.00_NIRSPEC-O33-RAW.txt,8000,1.0,-0.0,0.0
phoenixaces_t8000_g1.50_z-0.00_en0.00_NIRSPEC-O33-RAW.txt,8000,1.5,-0.0,0.0
phoenixaces_t8000_g2.00_z-0.00_en0.00_NIRSPEC-O33-RAW.txt,8000,2.0,-0.0,0.0
phoenixaces_t8000_g2.50_z-0.00_en0.00_NIRSPEC-O33-RAW.txt,8000,2.5,-0.0,0.0
phoenixaces_t8000_g3.00_z-0.00_en0.00_NIRSPEC-O33-RAW.txt,8000,3.0,-0.0,0.0
phoenixaces_t8000_g3.50_z-0.00_en0.00_NIRSPEC-O33-RAW.txt,8000,3.5,-0.0,0.0
phoenixaces_t8000_g4.00_z-0.00_en0.00_NIRSPEC-O33-RAW.txt,8000,4.0,-0.0,0.0
phoenixaces_t8000_g4.50_z-0.00_en0.00_NIRSPEC-O33-RAW.txt,8000,4.5,-0.0,0.0
phoenixaces_t8000_g5.00_z-0.00_en0.00_NIRSPEC-O33-RAW.txt,8000,5.0,-0.0,0.0
phoenixaces_t8000_g5.50_z-0.00_en0.00_NIRSPEC-O33-RAW.txt,8000,5.5,-0.0,0.0
phoenixaces_t8000_g6.00_z-0.00_en0.00_NIRSPEC-O33-RAW.txt,8000,6.0,-0.0,0.0
phoenixaces_t8200_g1.00_z-0.00_en0.00_NIRSPEC-O33-RAW.txt,8200,1.0,-0.0,0.0
phoenixaces_t8200_g1.50_z-0.00_en0.00_NIRSPEC-O33-RAW.txt,8200,1.5,-0.0,0.0
phoenixaces_t8200_g2.00_z-0.00_en0.00_NIRSPEC-O33-RAW.txt,8200,2.0,-0.0,0.0
phoenixaces_t8200_g2.50_z-0.00_en0.00_NIRSPEC-O33-RAW.txt,8200,2.5,-0.0,0.0
phoenixaces_t8200_g3.00_z-0.00_en0.00_NIRSPEC-O33-RAW.txt,8200,3.0,-0.0,0.0
phoenixaces_t8200_g3.50_z-0.00_en0.00_NIRSPEC-O33-RAW.txt,8200,3.5,-0.0,0.0
phoenixaces_t8200_g4.00_z-0.00_en0.00_NIRSPEC-O33-RAW.txt,8200,4.0,-0.0,0.0
phoenixaces_t8200_g4.50_z-0.00_en0.00_NIRSPEC-O33-RAW.txt,8200,4.5,-0.0,0.0
phoenixaces_t8200_g5.00_z-0.00_en0.00_NIRSPEC-O33-RAW.txt,8200,5.0,-0.0,0.0
phoenixaces_t8200_g5.50_z-0.00_en0.00_NIRSPEC-O33-RAW.txt,8200,5.5,-0.0,0.0
phoenixaces_t8200_g6.00_z-0.00_en0.00_NIRSPEC-O33-RAW.txt,8200,6.0,-0.0,0.0
phoenixaces_t8400_g1.50_z-0.00_en0.00_NIRSPEC-O33-RAW.txt,8400,1.5,-0.0,0.0
phoenixaces_t8400_g2.00_z-0.00_en0.00_NIRSPEC-O33-RAW.txt,8400,2.0,-0.0,0.0
phoenixaces_t8400_g2.50_z-0.00_en0.00_NIRSPEC-O33-RAW.txt,8400,2.5,-0.0,0.0
phoenixaces_t8400_g3.00_z-0.00_en0.00_NIRSPEC-O33-RAW.txt,8400,3.0,-0.0,0.0
phoenixaces_t8400_g3.50_z-0.00_en0.00_NIRSPEC-O33-RAW.txt,8400,3.5,-0.0,0.0
phoenixaces_t8400_g4.00_z-0.00_en0.00_NIRSPEC-O33-RAW.txt,8400,4.0,-0.0,0.0
phoenixaces_t8400_g4.50_z-0.00_en0.00_NIRSPEC-O33-RAW.txt,8400,4.5,-0.0,0.0
phoenixaces_t8400_g5.00_z-0.00_en0.00_NIRSPEC-O33-RAW.txt,8400,5.0,-0.0,0.0
phoenixaces_t8400_g5.50_z-0.00_en0.00_NIRSPEC-O33-RAW.txt,8400,5.5,-0.0,0.0
phoenixaces_t8400_g6.00_z-0.00_en0.00_NIRSPEC-O33-RAW.txt,8400,6.0,-0.0,0.0
phoenixaces_t8600_g1.50_z-0.00_en0.00_NIRSPEC-O33-RAW.txt,8600,1.5,-0.0,0.0
phoenixaces_t8600_g2.00_z-0.00_en0.00_NIRSPEC-O33-RAW.txt,8600,2.0,-0.0,0.0
phoenixaces_t8600_g2.50_z-0.00_en0.00_NIRSPEC-O33-RAW.txt,8600,2.5,-0.0,0.0
phoenixaces_t8600_g3.00_z-0.00_en0.00_NIRSPEC-O33-RAW.txt,8600,3.0,-0.0,0.0
phoenixaces_t8600_g3.50_z-0.00_en0.00_NIRSPEC-O33-RAW.txt,8600,3.5,-0.0,0.0
phoenixaces_t8600_g4.00_z-0.00_en0.00_NIRSPEC-O33-RAW.txt,8600,4.0,-0.0,0.0
phoenixaces_t8600_g4.50_z-0.00_en0.00_NIRSPEC-O33-RAW.txt,8600,4.5,-0.0,0.0
phoenixaces_t8600_g5.00_z-0.00_en0.00_NIRSPEC-O33-RAW.txt,8600,5.0,-0.0,0.0
phoenixaces_t8600_g5.50_z-0.00_en0.00_NIRSPEC-O33-RAW.txt,8600,5.5,-0.0,0.0
phoenixaces_t8600_g6.00_z-0.00_en0.00_NIRSPEC-O33-RAW.txt,8600,6.0,-0.0,0.0
phoenixaces_t8800_g1.50_z-0.00_en0.00_NIRSPEC-O33-RAW.txt,8800,1.5,-0.0,0.0
phoenixaces_t8800_g2.00_z-0.00_en0.00_NIRSPEC-O33-RAW.txt,8800,2.0,-0.0,0.0
phoenixaces_t8800_g2.50_z-0.00_en0.00_NIRSPEC-O33-RAW.txt,8800,2.5,-0.0,0.0
phoenixaces_t8800_g3.00_z-0.00_en0.00_NIRSPEC-O33-RAW.txt,8800,3.0,-0.0,0.0
phoenixaces_t8800_g3.50_z-0.00_en0.00_NIRSPEC-O33-RAW.txt,8800,3.5,-0.0,0.0
phoenixaces_t8800_g4.00_z-0.00_en0.00_NIRSPEC-O33-RAW.txt,8800,4.0,-0.0,0.0
phoenixaces_t8800_g4.50_z-0.00_en0.00_NIRSPEC-O33-RAW.txt,8800,4.5,-0.0,0.0
phoenixaces_t8800_g5.00_z-0.00_en0.00_NIRSPEC-O33-RAW.txt,8800,5.0,-0.0,0.0
phoenixaces_t8800_g5.50_z-0.00_en0.00_NIRSPEC-O33-RAW.txt,8800,5.5,-0.0,0.0
phoenixaces_t8800_g6.00_z-0.00_en0.00_NIRSPEC-O33-RAW.txt,8800,6.0,-0.0,0.0
phoenixaces_t9000_g1.50_z-0.00_en0.00_NIRSPEC-O33-RAW.txt,9000,1.5,-0.0,0.0
phoenixaces_t9000_g2.00_z-0.00_en0.00_NIRSPEC-O33-RAW.txt,9000,2.0,-0.0,0.0
phoenixaces_t9000_g2.50_z-0.00_en0.00_NIRSPEC-O33-RAW.txt,9000,2.5,-0.0,0.0
phoenixaces_t9000_g3.00_z-0.00_en0.00_NIRSPEC-O33-RAW.txt,9000,3.0,-0.0,0.0
phoenixaces_t9000_g3.50_z-0.00_en0.00_NIRSPEC-O33-RAW.txt,9000,3.5,-0.0,0.0
phoenixaces_t9000_g4.00_z-0.00_en0.00_NIRSPEC-O33-RAW.txt,9000,4.0,-0.0,0.0
phoenixaces_t9000_g4.50_z-0.00_en0.00_NIRSPEC-O33-RAW.txt,9000,4.5,-0.0,0.0
phoenixaces_t9000_g5.00_z-0.00_en0.00_NIRSPEC-O33-RAW.txt,9000,5.0,-0.0,0.0
phoenixaces_t9000_g5.50_z-0.00_en0.00_NIRSPEC-O33-RAW.txt,9000,5.5,-0.0,0.0
phoenixaces_t9000_g6.00_z-0.00_en0.00_NIRSPEC-O33-RAW.txt,9000,6.0,-0.0,0.0
phoenixaces_t9200_g1.50_z-0.00_en0.00_NIRSPEC-O33-RAW.txt,9200,1.5,-0.0,0.0
phoenixaces_t9200_g2.00_z-0.00_en0.00_NIRSPEC-O33-RAW.txt,9200,2.0,-0.0,0.0
phoenixaces_t9200_g2.50_z-0.00_en0.00_NIRSPEC-O33-RAW.txt,9200,2.5,-0.0,0.0
phoenixaces_t9200_g3.00_z-0.00_en0.00_NIRSPEC-O33-RAW.txt,9200,3.0,-0.0,0.0
phoenixaces_t9200_g3.50_z-0.00_en0.00_NIRSPEC-O33-RAW.txt,9200,3.5,-0.0,0.0
phoenixaces_t9200_g4.00_z-0.00_en0.00_NIRSPEC-O33-RAW.txt,9200,4.0,-0.0,0.0
phoenixaces_t9200_g4.50_z-0.00_en0.00_NIRSPEC-O33-RAW.txt,9200,4.5,-0.0,0.0
phoenixaces_t9200_g5.00_z-0.00_en0.00_NIRSPEC-O33-RAW.txt,9200,5.0,-0.0,0.0
phoenixaces_t9200_g5.50_z-0.00_en0.00_NIRSPEC-O33-RAW.txt,9200,5.5,-0.0,0.0
phoenixaces_t9200_g6.00_z-0.00_en0.00_NIRSPEC-O33-RAW.txt,9200,6.0,-0.0,0.0
phoenixaces_t9400_g2.00_z-0.00_en0.00_NIRSPEC-O33-RAW.txt,9400,2.0,-0.0,0.0
phoenixaces_t9400_g2.50_z-0.00_en0.00_NIRSPEC-O33-RAW.txt,9400,2.5,-0.0,0.0
phoenixaces_t9400_g3.00_z-0.00_en0.00_NIRSPEC-O33-RAW.txt,9400,3.0,-0.0,0.0
phoenixaces_t9400_g3.50_z-0.00_en0.00_NIRSPEC-O33-RAW.txt,9400,3.5,-0.0,0.0
phoenixaces_t9400_g4.00_z-0.00_en0.00_NIRSPEC-O33-RAW.txt,9400,4.0,-0.0,0.0
phoenixaces_t9400_g4.50_z-0.00_en0.00_NIRSPEC-O33-RAW.txt,9400,4.5,-0.0,0.0
phoenixaces_t9400_g5.00_z-0.00_en0.00_NIRSPEC-O33-RAW.txt,9400,5.0,-0.0,0.0
phoenixaces_t9400_g5.50_z-0.00_en0.00_NIRSPEC-O33-RAW.txt,9400,5.5,-0.0,0.0
phoenixaces_t9400_g6.00_z-0.00_en0.00_NIRSPEC-O33-RAW.txt,9400,6.0,-0.0,0.0
phoenixaces_t9600_g2.00_z-0.00_en0.00_NIRSPEC-O33-RAW.txt,9600,2.0,-0.0,0.0
phoenixaces_t9600_g2.50_z-0.00_en0.00_NIRSPEC-O33-RAW.txt,9600,2.5,-0.0,0.0
phoenixaces_t9600_g3.00_z-0.00_en0.00_NIRSPEC-O33-RAW.txt,9600,3.0,-0.0,0.0
phoenixaces_t9600_g3.50_z-0.00_en0.00_NIRSPEC-O33-RAW.txt,9600,3.5,-0.0,0.0
phoenixaces_t9600_g4.00_z-0.00_en0.00_NIRSPEC-O33-RAW.txt,9600,4.0,-0.0,0.0
phoenixaces_t9600_g4.50_z-0.00_en0.00_NIRSPEC-O33-RAW.txt,9600,4.5,-0.0,0.0
phoenixaces_t9600_g5.00_z-0.00_en0.00_NIRSPEC-O33-RAW.txt,9600,5.0,-0.0,0.0
phoenixaces_t9600_g5.50_z-0.00_en0.00_NIRSPEC-O33-RAW.txt,9600,5.5,-0.0,0.0
phoenixaces_t9600_g6.00_z-0.00_en0.00_NIRSPEC-O33-RAW.txt,9600,6.0,-0.0,0.0
phoenixaces_t9800_g2.00_z-0.00_en0.00_NIRSPEC-O33-RAW.txt,9800,2.0,-0.0,0.0
phoenixaces_t9800_g2.50_z-0.00_en0.00_NIRSPEC-O33-RAW.txt,9800,2.5,-0.0,0.0
phoenixaces_t9800_g3.00_z-0.00_en0.00_NIRSPEC-O33-RAW.txt,9800,3.0,-0.0,0.0
phoenixaces_t9800_g3.50_z-0.00_en0.00_NIRSPEC-O33-RAW.txt,9800,3.5,-0.0,0.0
phoenixaces_t9800_g4.00_z-0.00_en0.00_NIRSPEC-O33-RAW.txt,9800,4.0,-0.0,0.0
phoenixaces_t9800_g4.50_z-0.00_en0.00_NIRSPEC-O33-RAW.txt,9800,4.5,-0.0,0.0
phoenixaces_t9800_g5.00_z-0.00_en0.00_NIRSPEC-O33-RAW.txt,9800,5.0,-0.0,0.0
phoenixaces_t9800_g5.50_z-0.00_en0.00_NIRSPEC-O33-RAW.txt,9800,5.5,-0.0,0.0
phoenixaces_t9800_g6.00_z-0.00_en0.00_NIRSPEC-O33-RAW.txt,9800,6.0,-0.0,0.0
phoenixaces_t10000_g2.00_z-0.00_en0.00_NIRSPEC-O33-RAW.txt,10000,2.0,-0.0,0.0
phoenixaces_t10000_g2.50_z-0.00_en0.00_NIRSPEC-O33-RAW.txt,10000,2.5,-0.0,0.0
phoenixaces_t10000_g3.00_z-0.00_en0.00_NIRSPEC-O33-RAW.txt,10000,3.0,-0.0,0.0
phoenixaces_t10000_g3.50_z-0.00_en0.00_NIRSPEC-O33-RAW.txt,10000,3.5,-0.0,0.0
phoenixaces_t10000_g4.00_z-0.00_en0.00_NIRSPEC-O33-RAW.txt,10000,4.0,-0.0,0.0
phoenixaces_t10000_g4.50_z-0.00_en0.00_NIRSPEC-O33-RAW.txt,10000,4.5,-0.0,0.0
phoenixaces_t10000_g5.00_z-0.00_en0.00_NIRSPEC-O33-RAW.txt,10000,5.0,-0.0,0.0
phoenixaces_t10000_g5.50_z-0.00_en0.00_NIRSPEC-O33-RAW.txt,10000,5.5,-0.0,0.0
phoenixaces_t10000_g6.00_z-0.00_en0.00_NIRSPEC-O33-RAW.txt,10000,6.0,-0.0,0.0
